-- =============================================================================
-- Hei FastAPI ж ҮеҮҶ DDL
-- еҗҲе№¶иҮӘ hei_data.sql + migration.sqlпјҢеҸҜзӣҙжҺҘз”ЁдәҺеҲқе§Ӣе»әеә“
-- =============================================================================

SET NAMES utf8mb4;
SET FOREIGN_KEY_CHECKS = 0;

DROP DATABASE IF EXISTS `hei_data`;

CREATE DATABASE IF NOT EXISTS `hei_data` DEFAULT CHARACTER SET utf8mb4 COLLATE utf8mb4_general_ci;
USE `hei_data`;

-- =============================================================================
-- з”ЁжҲ·
-- =============================================================================
DROP TABLE IF EXISTS `sys_user`;
CREATE TABLE `sys_user`
(
    `id`               varchar(32) CHARACTER SET utf8mb4 COLLATE utf8mb4_general_ci  NOT NULL COMMENT 'дё»й”®',
    `account`          varchar(32) CHARACTER SET utf8mb4 COLLATE utf8mb4_general_ci  NULL DEFAULT NULL COMMENT 'иҙҰеҸ·',
    `password`         varchar(255) CHARACTER SET utf8mb4 COLLATE utf8mb4_general_ci NULL DEFAULT NULL COMMENT 'еҜҶз Ғ',
    `nickname`         varchar(32) CHARACTER SET utf8mb4 COLLATE utf8mb4_general_ci  NULL DEFAULT NULL COMMENT 'жҳөз§°',
    `avatar`           varchar(255) CHARACTER SET utf8mb4 COLLATE utf8mb4_general_ci NULL DEFAULT NULL COMMENT 'еӨҙеғҸ',
    `motto`            varchar(32) CHARACTER SET utf8mb4 COLLATE utf8mb4_general_ci  NULL DEFAULT NULL COMMENT 'еә§еҸій“ӯ',
    `gender`           varchar(8) CHARACTER SET utf8mb4 COLLATE utf8mb4_general_ci   NULL DEFAULT NULL COMMENT 'жҖ§еҲ«',
    `birthday`         date                                                          NULL DEFAULT NULL COMMENT 'з”ҹж—Ҙ',
    `email`            varchar(64) CHARACTER SET utf8mb4 COLLATE utf8mb4_general_ci  NULL DEFAULT NULL COMMENT 'з”өеӯҗйӮ®з®ұ',
    `github`           varchar(64) CHARACTER SET utf8mb4 COLLATE utf8mb4_general_ci  NULL DEFAULT NULL COMMENT 'GitHub',
    `phone`            varchar(32) CHARACTER SET utf8mb4 COLLATE utf8mb4_general_ci  NULL DEFAULT NULL COMMENT 'жүӢжңәеҸ·',
    `org_id`           varchar(32) CHARACTER SET utf8mb4 COLLATE utf8mb4_general_ci  NULL DEFAULT NULL COMMENT 'жүҖеұһз»„з»ҮID',
    `position_id`      varchar(32) CHARACTER SET utf8mb4 COLLATE utf8mb4_general_ci  NULL DEFAULT NULL COMMENT 'жүҖеұһиҒҢдҪҚID',
    `status`           varchar(16) CHARACTER SET utf8mb4 COLLATE utf8mb4_general_ci  NULL DEFAULT 'ACTIVE' COMMENT 'зҠ¶жҖҒ',
    `last_login_at`    datetime                                                      NULL DEFAULT NULL COMMENT 'жңҖеҗҺзҷ»еҪ•ж—¶й—ҙ',
    `last_login_ip`    varchar(64) CHARACTER SET utf8mb4 COLLATE utf8mb4_general_ci  NULL DEFAULT NULL COMMENT 'жңҖеҗҺзҷ»еҪ•IP',
    `login_count`      int                                                           NULL DEFAULT 0 COMMENT 'зҷ»еҪ•ж¬Ўж•°',
    `is_deleted`       varchar(8) CHARACTER SET utf8mb4 COLLATE utf8mb4_general_ci   NULL DEFAULT 'NO' COMMENT 'йҖ»иҫ‘еҲ йҷӨ',
    `created_at`       datetime                                                      NULL DEFAULT NULL COMMENT 'еҲӣе»әж—¶й—ҙ',
    `created_by`       varchar(32) CHARACTER SET utf8mb4 COLLATE utf8mb4_general_ci  NULL DEFAULT NULL COMMENT 'еҲӣе»әз”ЁжҲ·',
    `updated_at`       datetime                                                      NULL DEFAULT NULL COMMENT 'жӣҙж–°ж—¶й—ҙ',
    `updated_by`       varchar(32) CHARACTER SET utf8mb4 COLLATE utf8mb4_general_ci  NULL DEFAULT NULL COMMENT 'жӣҙж–°з”ЁжҲ·',
    PRIMARY KEY (`id`) USING BTREE,
    INDEX `idx_account` (`account`) USING BTREE
) ENGINE = InnoDB
  CHARACTER SET = utf8mb4
  COLLATE = utf8mb4_general_ci COMMENT = 'з”ЁжҲ·'
  ROW_FORMAT = Dynamic;

-- =============================================================================
-- Cз«Ҝз”ЁжҲ·
-- =============================================================================
DROP TABLE IF EXISTS `client_user`;
CREATE TABLE `client_user`
(
    `id`               varchar(32) CHARACTER SET utf8mb4 COLLATE utf8mb4_general_ci  NOT NULL COMMENT 'дё»й”®',
    `account`          varchar(32) CHARACTER SET utf8mb4 COLLATE utf8mb4_general_ci  NULL DEFAULT NULL COMMENT 'иҙҰеҸ·',
    `password`         varchar(255) CHARACTER SET utf8mb4 COLLATE utf8mb4_general_ci NULL DEFAULT NULL COMMENT 'еҜҶз Ғ',
    `nickname`         varchar(32) CHARACTER SET utf8mb4 COLLATE utf8mb4_general_ci  NULL DEFAULT NULL COMMENT 'жҳөз§°',
    `avatar`           varchar(255) CHARACTER SET utf8mb4 COLLATE utf8mb4_general_ci NULL DEFAULT NULL COMMENT 'еӨҙеғҸ',
    `motto`            varchar(32) CHARACTER SET utf8mb4 COLLATE utf8mb4_general_ci  NULL DEFAULT NULL COMMENT 'еә§еҸій“ӯ',
    `gender`           varchar(8) CHARACTER SET utf8mb4 COLLATE utf8mb4_general_ci   NULL DEFAULT NULL COMMENT 'жҖ§еҲ«',
    `birthday`         date                                                          NULL DEFAULT NULL COMMENT 'з”ҹж—Ҙ',
    `email`            varchar(64) CHARACTER SET utf8mb4 COLLATE utf8mb4_general_ci  NULL DEFAULT NULL COMMENT 'з”өеӯҗйӮ®з®ұ',
    `github`           varchar(64) CHARACTER SET utf8mb4 COLLATE utf8mb4_general_ci  NULL DEFAULT NULL COMMENT 'GitHub',
    `status`           varchar(16) CHARACTER SET utf8mb4 COLLATE utf8mb4_general_ci  NULL DEFAULT 'ACTIVE' COMMENT 'зҠ¶жҖҒ',
    `last_login_at`    datetime                                                      NULL DEFAULT NULL COMMENT 'жңҖеҗҺзҷ»еҪ•ж—¶й—ҙ',
    `last_login_ip`    varchar(64) CHARACTER SET utf8mb4 COLLATE utf8mb4_general_ci  NULL DEFAULT NULL COMMENT 'жңҖеҗҺзҷ»еҪ•IP',
    `login_count`      int                                                           NULL DEFAULT 0 COMMENT 'зҷ»еҪ•ж¬Ўж•°',
    `is_deleted`       varchar(8) CHARACTER SET utf8mb4 COLLATE utf8mb4_general_ci   NULL DEFAULT 'NO' COMMENT 'йҖ»иҫ‘еҲ йҷӨ',
    `created_at`       datetime                                                      NULL DEFAULT NULL COMMENT 'еҲӣе»әж—¶й—ҙ',
    `created_by`       varchar(32) CHARACTER SET utf8mb4 COLLATE utf8mb4_general_ci  NULL DEFAULT NULL COMMENT 'еҲӣе»әз”ЁжҲ·',
    `updated_at`       datetime                                                      NULL DEFAULT NULL COMMENT 'жӣҙж–°ж—¶й—ҙ',
    `updated_by`       varchar(32) CHARACTER SET utf8mb4 COLLATE utf8mb4_general_ci  NULL DEFAULT NULL COMMENT 'жӣҙж–°з”ЁжҲ·',
    PRIMARY KEY (`id`) USING BTREE,
    INDEX `idx_account` (`account`) USING BTREE
) ENGINE = InnoDB
  CHARACTER SET = utf8mb4
  COLLATE = utf8mb4_general_ci COMMENT = 'Cз«Ҝз”ЁжҲ·'
  ROW_FORMAT = Dynamic;

-- =============================================================================
-- и§’иүІ
-- =============================================================================
DROP TABLE IF EXISTS `sys_role`;
CREATE TABLE `sys_role`
(
    `id`          varchar(32) CHARACTER SET utf8mb4 COLLATE utf8mb4_general_ci  NOT NULL COMMENT 'дё»й”®',
    `code`        varchar(32) CHARACTER SET utf8mb4 COLLATE utf8mb4_general_ci  NOT NULL COMMENT 'и§’иүІзј–з Ғ',
    `name`        varchar(64) CHARACTER SET utf8mb4 COLLATE utf8mb4_general_ci  NOT NULL COMMENT 'и§’иүІеҗҚз§°',
    `category`    varchar(32) CHARACTER SET utf8mb4 COLLATE utf8mb4_general_ci  NOT NULL COMMENT 'и§’иүІзұ»еҲ«',
    `description` varchar(500) CHARACTER SET utf8mb4 COLLATE utf8mb4_general_ci NULL DEFAULT NULL COMMENT 'и§’иүІжҸҸиҝ°',
    `status`      varchar(16) CHARACTER SET utf8mb4 COLLATE utf8mb4_general_ci  NULL DEFAULT 'ENABLED' COMMENT 'зҠ¶жҖҒ',
    `sort_code`   int                                                           NULL DEFAULT 0 COMMENT 'жҺ’еәҸ',
    `extra`       text                                                          NULL COMMENT 'жү©еұ•дҝЎжҒҜ',
    `is_deleted`  varchar(8) CHARACTER SET utf8mb4 COLLATE utf8mb4_general_ci   NULL DEFAULT 'NO' COMMENT 'йҖ»иҫ‘еҲ йҷӨ',
    `created_at`  datetime                                                      NULL DEFAULT NULL COMMENT 'еҲӣе»әж—¶й—ҙ',
    `created_by`  varchar(32) CHARACTER SET utf8mb4 COLLATE utf8mb4_general_ci  NULL DEFAULT NULL COMMENT 'еҲӣе»әз”ЁжҲ·',
    `updated_at`  datetime                                                      NULL DEFAULT NULL COMMENT 'жӣҙж–°ж—¶й—ҙ',
    `updated_by`  varchar(32) CHARACTER SET utf8mb4 COLLATE utf8mb4_general_ci  NULL DEFAULT NULL COMMENT 'жӣҙж–°з”ЁжҲ·',
    PRIMARY KEY (`id`) USING BTREE,
    UNIQUE INDEX `uk_code` (`code`) USING BTREE
) ENGINE = InnoDB
  CHARACTER SET = utf8mb4
  COLLATE = utf8mb4_general_ci COMMENT = 'и§’иүІ'
  ROW_FORMAT = Dynamic;

-- =============================================================================
-- з”ЁжҲ·з»„
-- =============================================================================
DROP TABLE IF EXISTS `sys_group`;
CREATE TABLE `sys_group`
(
    `id`          varchar(32) CHARACTER SET utf8mb4 COLLATE utf8mb4_general_ci  NOT NULL COMMENT 'дё»й”®',
    `code`        varchar(32) CHARACTER SET utf8mb4 COLLATE utf8mb4_general_ci  NOT NULL COMMENT 'з”ЁжҲ·з»„зј–з Ғ',
    `name`        varchar(64) CHARACTER SET utf8mb4 COLLATE utf8mb4_general_ci  NOT NULL COMMENT 'з”ЁжҲ·з»„еҗҚз§°',
    `category`    varchar(32) CHARACTER SET utf8mb4 COLLATE utf8mb4_general_ci  NOT NULL COMMENT 'з”ЁжҲ·з»„зұ»еҲ«',
    `parent_id`   varchar(32) CHARACTER SET utf8mb4 COLLATE utf8mb4_general_ci  NULL DEFAULT NULL COMMENT 'зҲ¶з”ЁжҲ·з»„ID',
    `org_id`      varchar(32) CHARACTER SET utf8mb4 COLLATE utf8mb4_general_ci  NOT NULL COMMENT 'жүҖеұһз»„з»ҮID',
    `description` varchar(500) CHARACTER SET utf8mb4 COLLATE utf8mb4_general_ci NULL DEFAULT NULL COMMENT 'з”ЁжҲ·з»„жҸҸиҝ°',
    `status`      varchar(16) CHARACTER SET utf8mb4 COLLATE utf8mb4_general_ci  NULL DEFAULT 'ENABLED' COMMENT 'зҠ¶жҖҒ',
    `sort_code`   int                                                           NULL DEFAULT 0 COMMENT 'жҺ’еәҸ',
    `extra`       text                                                          NULL COMMENT 'жү©еұ•дҝЎжҒҜ',
    `is_deleted`  varchar(8) CHARACTER SET utf8mb4 COLLATE utf8mb4_general_ci   NULL DEFAULT 'NO' COMMENT 'йҖ»иҫ‘еҲ йҷӨ',
    `created_at`  datetime                                                      NULL DEFAULT NULL COMMENT 'еҲӣе»әж—¶й—ҙ',
    `created_by`  varchar(32) CHARACTER SET utf8mb4 COLLATE utf8mb4_general_ci  NULL DEFAULT NULL COMMENT 'еҲӣе»әз”ЁжҲ·',
    `updated_at`  datetime                                                      NULL DEFAULT NULL COMMENT 'жӣҙж–°ж—¶й—ҙ',
    `updated_by`  varchar(32) CHARACTER SET utf8mb4 COLLATE utf8mb4_general_ci  NULL DEFAULT NULL COMMENT 'жӣҙж–°з”ЁжҲ·',
    PRIMARY KEY (`id`) USING BTREE,
    UNIQUE INDEX `uk_code` (`code`) USING BTREE
) ENGINE = InnoDB
  CHARACTER SET = utf8mb4
  COLLATE = utf8mb4_general_ci COMMENT = 'з”ЁжҲ·з»„'
  ROW_FORMAT = Dynamic;

-- =============================================================================
-- з»„з»Ү
-- =============================================================================
DROP TABLE IF EXISTS `sys_org`;
CREATE TABLE `sys_org`
(
    `id`          varchar(32) CHARACTER SET utf8mb4 COLLATE utf8mb4_general_ci  NOT NULL COMMENT 'дё»й”®',
    `code`        varchar(32) CHARACTER SET utf8mb4 COLLATE utf8mb4_general_ci  NOT NULL COMMENT 'з»„з»Үзј–з Ғ',
    `name`        varchar(64) CHARACTER SET utf8mb4 COLLATE utf8mb4_general_ci  NOT NULL COMMENT 'з»„з»ҮеҗҚз§°',
    `category`    varchar(32) CHARACTER SET utf8mb4 COLLATE utf8mb4_general_ci  NOT NULL COMMENT 'з»„з»Үзұ»еҲ«',
    `parent_id`   varchar(32) CHARACTER SET utf8mb4 COLLATE utf8mb4_general_ci  NULL DEFAULT NULL COMMENT 'зҲ¶з»„з»ҮID',
    `description` varchar(500) CHARACTER SET utf8mb4 COLLATE utf8mb4_general_ci NULL DEFAULT NULL COMMENT 'з»„з»ҮжҸҸиҝ°',
    `status`      varchar(16) CHARACTER SET utf8mb4 COLLATE utf8mb4_general_ci  NULL DEFAULT 'ENABLED' COMMENT 'зҠ¶жҖҒ',
    `sort_code`   int                                                           NULL DEFAULT 0 COMMENT 'жҺ’еәҸ',
    `extra`       text                                                          NULL COMMENT 'жү©еұ•дҝЎжҒҜ',
    `is_deleted`  varchar(8) CHARACTER SET utf8mb4 COLLATE utf8mb4_general_ci   NULL DEFAULT 'NO' COMMENT 'йҖ»иҫ‘еҲ йҷӨ',
    `created_at`  datetime                                                      NULL DEFAULT NULL COMMENT 'еҲӣе»әж—¶й—ҙ',
    `created_by`  varchar(32) CHARACTER SET utf8mb4 COLLATE utf8mb4_general_ci  NULL DEFAULT NULL COMMENT 'еҲӣе»әз”ЁжҲ·',
    `updated_at`  datetime                                                      NULL DEFAULT NULL COMMENT 'жӣҙж–°ж—¶й—ҙ',
    `updated_by`  varchar(32) CHARACTER SET utf8mb4 COLLATE utf8mb4_general_ci  NULL DEFAULT NULL COMMENT 'жӣҙж–°з”ЁжҲ·',
    PRIMARY KEY (`id`) USING BTREE,
    UNIQUE INDEX `uk_code` (`code`) USING BTREE,
    INDEX `idx_parent_id` (`parent_id`) USING BTREE
) ENGINE = InnoDB
  CHARACTER SET = utf8mb4
  COLLATE = utf8mb4_general_ci COMMENT = 'з»„з»Ү'
  ROW_FORMAT = Dynamic;

-- =============================================================================
-- иҒҢдҪҚ
-- =============================================================================
DROP TABLE IF EXISTS `sys_position`;
CREATE TABLE `sys_position`
(
    `id`            varchar(32) CHARACTER SET utf8mb4 COLLATE utf8mb4_general_ci  NOT NULL COMMENT 'дё»й”®',
    `code`          varchar(32) CHARACTER SET utf8mb4 COLLATE utf8mb4_general_ci  NOT NULL COMMENT 'иҒҢдҪҚзј–з Ғ',
    `name`          varchar(64) CHARACTER SET utf8mb4 COLLATE utf8mb4_general_ci  NOT NULL COMMENT 'иҒҢдҪҚеҗҚз§°',
    `category`      varchar(32) CHARACTER SET utf8mb4 COLLATE utf8mb4_general_ci  NOT NULL COMMENT 'иҒҢдҪҚзұ»еҲ«',
    `org_id`        varchar(32) CHARACTER SET utf8mb4 COLLATE utf8mb4_general_ci  NULL DEFAULT NULL COMMENT 'жүҖеұһз»„з»ҮID',
    `group_id`      varchar(32) CHARACTER SET utf8mb4 COLLATE utf8mb4_general_ci  NULL DEFAULT NULL COMMENT 'жүҖеұһз”ЁжҲ·з»„ID',
    `description`   varchar(500) CHARACTER SET utf8mb4 COLLATE utf8mb4_general_ci NULL DEFAULT NULL COMMENT 'иҒҢдҪҚжҸҸиҝ°',
    `status`        varchar(16) CHARACTER SET utf8mb4 COLLATE utf8mb4_general_ci  NULL DEFAULT 'ENABLED' COMMENT 'зҠ¶жҖҒ',
    `sort_code`     int                                                           NULL DEFAULT 0 COMMENT 'жҺ’еәҸ',
    `extra`         text                                                          NULL COMMENT 'жү©еұ•дҝЎжҒҜ',
    `is_deleted`    varchar(8) CHARACTER SET utf8mb4 COLLATE utf8mb4_general_ci   NULL DEFAULT 'NO' COMMENT 'йҖ»иҫ‘еҲ йҷӨ',
    `created_at`    datetime                                                      NULL DEFAULT NULL COMMENT 'еҲӣе»әж—¶й—ҙ',
    `created_by`    varchar(32) CHARACTER SET utf8mb4 COLLATE utf8mb4_general_ci  NULL DEFAULT NULL COMMENT 'еҲӣе»әз”ЁжҲ·',
    `updated_at`    datetime                                                      NULL DEFAULT NULL COMMENT 'жӣҙж–°ж—¶й—ҙ',
    `updated_by`    varchar(32) CHARACTER SET utf8mb4 COLLATE utf8mb4_general_ci  NULL DEFAULT NULL COMMENT 'жӣҙж–°з”ЁжҲ·',
    PRIMARY KEY (`id`) USING BTREE,
    UNIQUE INDEX `uk_code` (`code`) USING BTREE
) ENGINE = InnoDB
  CHARACTER SET = utf8mb4
  COLLATE = utf8mb4_general_ci COMMENT = 'иҒҢдҪҚ'
  ROW_FORMAT = Dynamic;

-- =============================================================================
-- иө„жәҗ
-- =============================================================================
DROP TABLE IF EXISTS `sys_resource`;
CREATE TABLE `sys_resource`
(
    `id`             varchar(32) CHARACTER SET utf8mb4 COLLATE utf8mb4_general_ci  NOT NULL COMMENT 'дё»й”®',
    `code`           varchar(32) CHARACTER SET utf8mb4 COLLATE utf8mb4_general_ci  NOT NULL COMMENT 'иө„жәҗзј–з Ғ',
    `name`           varchar(64) CHARACTER SET utf8mb4 COLLATE utf8mb4_general_ci  NOT NULL COMMENT 'иө„жәҗеҗҚз§°',
    `category`       varchar(16) CHARACTER SET utf8mb4 COLLATE utf8mb4_general_ci  NOT NULL COMMENT 'иө„жәҗеҲҶзұ»пјҡBACKEND_MENU-еҗҺеҸ°иҸңеҚ•пјҢFRONTEND_MENU-еүҚеҸ°иҸңеҚ•пјҢBACKEND_BUTTON-еҗҺеҸ°жҢүй’®пјҢFRONTEND_BUTTON-еүҚеҸ°жҢүй’®',
    `type`           varchar(16) CHARACTER SET utf8mb4 COLLATE utf8mb4_general_ci  NOT NULL COMMENT 'иө„жәҗзұ»еһӢпјҡDIRECTORY-зӣ®еҪ•пјҢMENU-иҸңеҚ•пјҢBUTTON-жҢүй’®пјҢINTERNAL_LINK-еҶ…й“ҫпјҢEXTERNAL_LINK-еӨ–й“ҫ',
    `description`    varchar(500) CHARACTER SET utf8mb4 COLLATE utf8mb4_general_ci NULL DEFAULT NULL COMMENT 'иө„жәҗжҸҸиҝ°',
    `parent_id`      varchar(32) CHARACTER SET utf8mb4 COLLATE utf8mb4_general_ci  NULL DEFAULT NULL COMMENT 'зҲ¶иө„жәҗID',
    `route_path`     varchar(255) CHARACTER SET utf8mb4 COLLATE utf8mb4_general_ci NULL DEFAULT NULL COMMENT 'и·Ҝз”ұи·Ҝеҫ„',
    `component_path` varchar(255) CHARACTER SET utf8mb4 COLLATE utf8mb4_general_ci NULL DEFAULT NULL COMMENT 'з»„д»¶и·Ҝеҫ„',
    `redirect_path`  varchar(255) CHARACTER SET utf8mb4 COLLATE utf8mb4_general_ci NULL DEFAULT NULL COMMENT 'йҮҚе®ҡеҗ‘и·Ҝеҫ„',
    `icon`           varchar(64) CHARACTER SET utf8mb4 COLLATE utf8mb4_general_ci  NULL DEFAULT NULL COMMENT 'иө„жәҗеӣҫж Ү',
    `color`          varchar(32) CHARACTER SET utf8mb4 COLLATE utf8mb4_general_ci  NULL DEFAULT NULL COMMENT 'иө„жәҗйўңиүІпјҲеүҚеҸ°иө„жәҗдҪҝз”Ёпјү',
    `is_visible`     varchar(8) CHARACTER SET utf8mb4 COLLATE utf8mb4_general_ci   NULL DEFAULT 'YES' COMMENT 'жҳҜеҗҰеҸҜи§Ғ',
    `is_cache`       varchar(8) CHARACTER SET utf8mb4 COLLATE utf8mb4_general_ci   NULL DEFAULT 'NO' COMMENT 'жҳҜеҗҰзј“еӯҳ',
    `is_affix`       varchar(8) CHARACTER SET utf8mb4 COLLATE utf8mb4_general_ci   NULL DEFAULT 'NO' COMMENT 'жҳҜеҗҰеӣәе®ҡ',
    `is_hidden`      varchar(8) CHARACTER SET utf8mb4 COLLATE utf8mb4_general_ci   NULL DEFAULT 'NO' COMMENT 'жҳҜеҗҰйҡҗи—Ҹ',
    `is_breadcrumb`  varchar(8) CHARACTER SET utf8mb4 COLLATE utf8mb4_general_ci   NULL DEFAULT 'YES' COMMENT 'жҳҜеҗҰжҳҫзӨәйқўеҢ…еұ‘',
    `external_url`   varchar(500) CHARACTER SET utf8mb4 COLLATE utf8mb4_general_ci NULL DEFAULT NULL COMMENT 'еӨ–й“ҫең°еқҖ',
    `extra`          text                                                          NULL COMMENT 'жү©еұ•дҝЎжҒҜ',
    `status`         varchar(16) CHARACTER SET utf8mb4 COLLATE utf8mb4_general_ci  NULL DEFAULT 'ENABLED' COMMENT 'зҠ¶жҖҒ',
    `sort_code`      int                                                           NULL DEFAULT 0 COMMENT 'жҺ’еәҸ',
    `is_deleted`     varchar(8) CHARACTER SET utf8mb4 COLLATE utf8mb4_general_ci   NULL DEFAULT 'NO' COMMENT 'йҖ»иҫ‘еҲ йҷӨ',
    `created_at`     datetime                                                      NULL DEFAULT NULL COMMENT 'еҲӣе»әж—¶й—ҙ',
    `created_by`     varchar(32) CHARACTER SET utf8mb4 COLLATE utf8mb4_general_ci  NULL DEFAULT NULL COMMENT 'еҲӣе»әз”ЁжҲ·',
    `updated_at`     datetime                                                      NULL DEFAULT NULL COMMENT 'жӣҙж–°ж—¶й—ҙ',
    `updated_by`     varchar(32) CHARACTER SET utf8mb4 COLLATE utf8mb4_general_ci  NULL DEFAULT NULL COMMENT 'жӣҙж–°з”ЁжҲ·',
    PRIMARY KEY (`id`) USING BTREE,
    UNIQUE INDEX `uk_code` (`code`) USING BTREE
) ENGINE = InnoDB
  CHARACTER SET = utf8mb4
  COLLATE = utf8mb4_general_ci COMMENT = 'иө„жәҗ'
  ROW_FORMAT = Dynamic;

-- =============================================================================
-- иө„жәҗ-жқғйҷҗе…іиҒ”
-- =============================================================================
DROP TABLE IF EXISTS `ral_resource_permission`;
CREATE TABLE `ral_resource_permission`
(
    `id`            varchar(32) CHARACTER SET utf8mb4 COLLATE utf8mb4_general_ci  NOT NULL COMMENT 'дё»й”®',
    `resource_id`   varchar(32) CHARACTER SET utf8mb4 COLLATE utf8mb4_general_ci  NOT NULL COMMENT 'иө„жәҗID',
    `permission_id` varchar(32) CHARACTER SET utf8mb4 COLLATE utf8mb4_general_ci  NOT NULL COMMENT 'жқғйҷҗID',
    `is_deleted`    varchar(8) CHARACTER SET utf8mb4 COLLATE utf8mb4_general_ci   NULL DEFAULT 'NO' COMMENT 'йҖ»иҫ‘еҲ йҷӨ',
    `created_at`    datetime                                                      NULL DEFAULT NULL COMMENT 'еҲӣе»әж—¶й—ҙ',
    `created_by`    varchar(32) CHARACTER SET utf8mb4 COLLATE utf8mb4_general_ci  NULL DEFAULT NULL COMMENT 'еҲӣе»әз”ЁжҲ·',
    PRIMARY KEY (`id`) USING BTREE,
    UNIQUE INDEX `uk_resource_permission` (`resource_id`, `permission_id`) USING BTREE,
    INDEX `idx_permission_id` (`permission_id`) USING BTREE
) ENGINE = InnoDB
  CHARACTER SET = utf8mb4
  COLLATE = utf8mb4_general_ci COMMENT = 'иө„жәҗ-жқғйҷҗе…іиҒ”';

-- =============================================================================
-- жЁЎеқ—
-- =============================================================================
DROP TABLE IF EXISTS `sys_module`;
CREATE TABLE `sys_module`
(
    `id`          varchar(32) CHARACTER SET utf8mb4 COLLATE utf8mb4_general_ci  NOT NULL COMMENT 'дё»й”®',
    `code`        varchar(32) CHARACTER SET utf8mb4 COLLATE utf8mb4_general_ci  NOT NULL COMMENT 'жЁЎеқ—зј–з Ғ',
    `name`        varchar(64) CHARACTER SET utf8mb4 COLLATE utf8mb4_general_ci  NOT NULL COMMENT 'жЁЎеқ—еҗҚз§°',
    `category`    varchar(32) CHARACTER SET utf8mb4 COLLATE utf8mb4_general_ci  NOT NULL COMMENT 'жЁЎеқ—зұ»еҲ«',
    `icon`        varchar(64) CHARACTER SET utf8mb4 COLLATE utf8mb4_general_ci  NULL DEFAULT NULL COMMENT 'жЁЎеқ—еӣҫж Ү',
    `color`       varchar(32) CHARACTER SET utf8mb4 COLLATE utf8mb4_general_ci  NULL DEFAULT NULL COMMENT 'жЁЎеқ—йўңиүІ',
    `description` varchar(500) CHARACTER SET utf8mb4 COLLATE utf8mb4_general_ci NULL DEFAULT NULL COMMENT 'жЁЎеқ—жҸҸиҝ°',
    `is_visible`  varchar(8) CHARACTER SET utf8mb4 COLLATE utf8mb4_general_ci   NULL DEFAULT 'YES' COMMENT 'жҳҜеҗҰеҸҜи§Ғ',
    `status`      varchar(16) CHARACTER SET utf8mb4 COLLATE utf8mb4_general_ci  NULL DEFAULT 'ENABLED' COMMENT 'зҠ¶жҖҒ',
    `sort_code`   int                                                           NULL DEFAULT 0 COMMENT 'жҺ’еәҸ',
    `is_deleted`  varchar(8) CHARACTER SET utf8mb4 COLLATE utf8mb4_general_ci   NULL DEFAULT 'NO' COMMENT 'йҖ»иҫ‘еҲ йҷӨ',
    `created_at`  datetime                                                      NULL DEFAULT NULL COMMENT 'еҲӣе»әж—¶й—ҙ',
    `created_by`  varchar(32) CHARACTER SET utf8mb4 COLLATE utf8mb4_general_ci  NULL DEFAULT NULL COMMENT 'еҲӣе»әз”ЁжҲ·',
    `updated_at`  datetime                                                      NULL DEFAULT NULL COMMENT 'жӣҙж–°ж—¶й—ҙ',
    `updated_by`  varchar(32) CHARACTER SET utf8mb4 COLLATE utf8mb4_general_ci  NULL DEFAULT NULL COMMENT 'жӣҙж–°з”ЁжҲ·',
    PRIMARY KEY (`id`) USING BTREE,
    UNIQUE INDEX `uk_code` (`code`) USING BTREE
) ENGINE = InnoDB
  CHARACTER SET = utf8mb4
  COLLATE = utf8mb4_general_ci COMMENT = 'жЁЎеқ—'
  ROW_FORMAT = Dynamic;

-- =============================================================================
-- еӯ—е…ё
-- =============================================================================
DROP TABLE IF EXISTS `sys_dict`;
CREATE TABLE `sys_dict`
(
    `id`         varchar(32) CHARACTER SET utf8mb4 COLLATE utf8mb4_general_ci  NOT NULL COMMENT 'дё»й”®',
    `code`       varchar(32) CHARACTER SET utf8mb4 COLLATE utf8mb4_general_ci  NOT NULL COMMENT 'еӯ—е…ёзј–з Ғ',
    `label`      varchar(255) CHARACTER SET utf8mb4 COLLATE utf8mb4_general_ci NULL DEFAULT NULL COMMENT 'еӯ—е…ёж Үзӯҫ',
    `value`      varchar(255) CHARACTER SET utf8mb4 COLLATE utf8mb4_general_ci NULL DEFAULT NULL COMMENT 'еӯ—е…ёеҖј',
    `color`      varchar(32) CHARACTER SET utf8mb4 COLLATE utf8mb4_general_ci  NULL DEFAULT NULL COMMENT 'еӯ—е…ёйўңиүІ',
    `category`   varchar(64) CHARACTER SET utf8mb4 COLLATE utf8mb4_general_ci  NULL DEFAULT NULL COMMENT 'еӯ—е…ёеҲҶзұ»',
    `parent_id`  varchar(32) CHARACTER SET utf8mb4 COLLATE utf8mb4_general_ci  NULL DEFAULT NULL COMMENT 'зҲ¶еӯ—е…ёID',
    `status`     varchar(16) CHARACTER SET utf8mb4 COLLATE utf8mb4_general_ci  NULL DEFAULT 'ENABLED' COMMENT 'зҠ¶жҖҒ',
    `sort_code`  int                                                           NULL DEFAULT 0 COMMENT 'жҺ’еәҸ',
    `is_deleted` varchar(8) CHARACTER SET utf8mb4 COLLATE utf8mb4_general_ci   NULL DEFAULT 'NO' COMMENT 'йҖ»иҫ‘еҲ йҷӨ',
    `created_at` datetime                                                      NULL DEFAULT NULL COMMENT 'еҲӣе»әж—¶й—ҙ',
    `created_by` varchar(32) CHARACTER SET utf8mb4 COLLATE utf8mb4_general_ci  NULL DEFAULT NULL COMMENT 'еҲӣе»әз”ЁжҲ·',
    `updated_at` datetime                                                      NULL DEFAULT NULL COMMENT 'жӣҙж–°ж—¶й—ҙ',
    `updated_by` varchar(32) CHARACTER SET utf8mb4 COLLATE utf8mb4_general_ci  NULL DEFAULT NULL COMMENT 'жӣҙж–°з”ЁжҲ·',
    PRIMARY KEY (`id`) USING BTREE,
    UNIQUE INDEX `uk_code` (`code`) USING BTREE
) ENGINE = InnoDB
  CHARACTER SET = utf8mb4
  COLLATE = utf8mb4_general_ci COMMENT = 'еӯ—е…ё'
  ROW_FORMAT = Dynamic;

-- =============================================================================
-- йҖҡзҹҘ
-- =============================================================================
DROP TABLE IF EXISTS `sys_notice`;
CREATE TABLE `sys_notice`
(
    `id`         varchar(32) CHARACTER SET utf8mb4 COLLATE utf8mb4_general_ci  NOT NULL COMMENT 'дё»й”®',
    `title`      varchar(255) CHARACTER SET utf8mb4 COLLATE utf8mb4_general_ci NOT NULL COMMENT 'йҖҡзҹҘж Үйўҳ',
    `summary`    varchar(500) CHARACTER SET utf8mb4 COLLATE utf8mb4_general_ci NULL DEFAULT NULL COMMENT 'йҖҡзҹҘж‘ҳиҰҒ',
    `content`    text CHARACTER SET utf8mb4 COLLATE utf8mb4_general_ci         NULL DEFAULT NULL COMMENT 'йҖҡзҹҘеҶ…е®№',
    `cover`      varchar(500) CHARACTER SET utf8mb4 COLLATE utf8mb4_general_ci NULL DEFAULT NULL COMMENT 'е°ҒйқўеӣҫзүҮ',
    `category`   varchar(32) CHARACTER SET utf8mb4 COLLATE utf8mb4_general_ci  NOT NULL COMMENT 'йҖҡзҹҘзұ»еҲ«',
    `type`       varchar(32) CHARACTER SET utf8mb4 COLLATE utf8mb4_general_ci  NOT NULL COMMENT 'йҖҡзҹҘзұ»еһӢ',
    `level`      varchar(16) CHARACTER SET utf8mb4 COLLATE utf8mb4_general_ci  NULL DEFAULT 'NORMAL' COMMENT 'йҖҡзҹҘзә§еҲ«',
    `view_count` int                                                           NULL DEFAULT 0 COMMENT 'жөҸи§Ҳж¬Ўж•°',
    `is_top`     varchar(8) CHARACTER SET utf8mb4 COLLATE utf8mb4_general_ci   NULL DEFAULT 'NO' COMMENT 'жҳҜеҗҰзҪ®йЎ¶',
    `position`   varchar(32) CHARACTER SET utf8mb4 COLLATE utf8mb4_general_ci  NULL DEFAULT NULL COMMENT 'йҖҡзҹҘдҪҚзҪ®',
    `status`     varchar(16) CHARACTER SET utf8mb4 COLLATE utf8mb4_general_ci  NULL DEFAULT 'ENABLED' COMMENT 'зҠ¶жҖҒ',
    `sort_code`  int                                                           NULL DEFAULT 0 COMMENT 'жҺ’еәҸ',
    `is_deleted` varchar(8) CHARACTER SET utf8mb4 COLLATE utf8mb4_general_ci   NULL DEFAULT 'NO' COMMENT 'йҖ»иҫ‘еҲ йҷӨ',
    `created_at` datetime                                                      NULL DEFAULT NULL COMMENT 'еҲӣе»әж—¶й—ҙ',
    `created_by` varchar(32) CHARACTER SET utf8mb4 COLLATE utf8mb4_general_ci  NULL DEFAULT NULL COMMENT 'еҲӣе»әз”ЁжҲ·',
    `updated_at` datetime                                                      NULL DEFAULT NULL COMMENT 'жӣҙж–°ж—¶й—ҙ',
    `updated_by` varchar(32) CHARACTER SET utf8mb4 COLLATE utf8mb4_general_ci  NULL DEFAULT NULL COMMENT 'жӣҙж–°з”ЁжҲ·',
    PRIMARY KEY (`id`) USING BTREE,
    INDEX `idx_category_type` (`category`, `type`) USING BTREE,
    INDEX `idx_status` (`status`) USING BTREE
) ENGINE = InnoDB
  CHARACTER SET = utf8mb4
  COLLATE = utf8mb4_general_ci COMMENT = 'йҖҡзҹҘ'
  ROW_FORMAT = Dynamic;

-- =============================================================================
-- иҪ®ж’ӯеӣҫ
-- =============================================================================
DROP TABLE IF EXISTS `sys_banner`;
CREATE TABLE `sys_banner`
(
    `id`          varchar(32) CHARACTER SET utf8mb4 COLLATE utf8mb4_general_ci  NOT NULL COMMENT 'дё»й”®',
    `title`       varchar(255) CHARACTER SET utf8mb4 COLLATE utf8mb4_general_ci NOT NULL COMMENT 'иҪ®ж’ӯж Үйўҳ',
    `image`       varchar(500) CHARACTER SET utf8mb4 COLLATE utf8mb4_general_ci NOT NULL COMMENT 'иҪ®ж’ӯеӣҫзүҮ',
    `url`         varchar(500) CHARACTER SET utf8mb4 COLLATE utf8mb4_general_ci NULL DEFAULT NULL COMMENT 'и·іиҪ¬ең°еқҖ',
    `link_type`   varchar(16) CHARACTER SET utf8mb4 COLLATE utf8mb4_general_ci  NULL DEFAULT 'URL' COMMENT 'й“ҫжҺҘзұ»еһӢ',
    `summary`     varchar(500) CHARACTER SET utf8mb4 COLLATE utf8mb4_general_ci NULL DEFAULT NULL COMMENT 'иҪ®ж’ӯж‘ҳиҰҒ',
    `description` text CHARACTER SET utf8mb4 COLLATE utf8mb4_general_ci         NULL DEFAULT NULL COMMENT 'иҪ®ж’ӯжҸҸиҝ°',
    `category`    varchar(32) CHARACTER SET utf8mb4 COLLATE utf8mb4_general_ci  NOT NULL COMMENT 'иҪ®ж’ӯзұ»еҲ«',
    `type`        varchar(32) CHARACTER SET utf8mb4 COLLATE utf8mb4_general_ci  NOT NULL COMMENT 'иҪ®ж’ӯзұ»еһӢ',
    `position`    varchar(32) CHARACTER SET utf8mb4 COLLATE utf8mb4_general_ci  NOT NULL COMMENT 'еұ•зӨәдҪҚзҪ®',
    `sort_code`   int                                                           NULL DEFAULT 0 COMMENT 'жҺ’еәҸ',
    `view_count`  int                                                           NULL DEFAULT 0 COMMENT 'жөҸи§Ҳж¬Ўж•°',
    `click_count` int                                                           NULL DEFAULT 0 COMMENT 'зӮ№еҮ»ж¬Ўж•°',
    `is_deleted`  varchar(8) CHARACTER SET utf8mb4 COLLATE utf8mb4_general_ci   NULL DEFAULT 'NO' COMMENT 'йҖ»иҫ‘еҲ йҷӨ',
    `created_at`  datetime                                                      NULL DEFAULT NULL COMMENT 'еҲӣе»әж—¶й—ҙ',
    `created_by`  varchar(32) CHARACTER SET utf8mb4 COLLATE utf8mb4_general_ci  NULL DEFAULT NULL COMMENT 'еҲӣе»әз”ЁжҲ·',
    `updated_at`  datetime                                                      NULL DEFAULT NULL COMMENT 'жӣҙж–°ж—¶й—ҙ',
    `updated_by`  varchar(32) CHARACTER SET utf8mb4 COLLATE utf8mb4_general_ci  NULL DEFAULT NULL COMMENT 'жӣҙж–°з”ЁжҲ·',
    PRIMARY KEY (`id`) USING BTREE
) ENGINE = InnoDB
  CHARACTER SET = utf8mb4
  COLLATE = utf8mb4_general_ci COMMENT = 'иҪ®ж’ӯеӣҫ'
  ROW_FORMAT = Dynamic;

-- =============================================================================
-- жқғйҷҗ
-- =============================================================================
DROP TABLE IF EXISTS `sys_permission`;
CREATE TABLE `sys_permission`
(
    `id`          varchar(32) CHARACTER SET utf8mb4 COLLATE utf8mb4_general_ci  NOT NULL COMMENT 'дё»й”®',
    `code`        varchar(255) CHARACTER SET utf8mb4 COLLATE utf8mb4_general_ci NOT NULL COMMENT 'жқғйҷҗзј–з ҒпјҲеҰӮ sys/user/pageпјү',
    `name`        varchar(128) CHARACTER SET utf8mb4 COLLATE utf8mb4_general_ci NOT NULL COMMENT 'жқғйҷҗеҗҚз§°',
    `module`      varchar(128) CHARACTER SET utf8mb4 COLLATE utf8mb4_general_ci NULL DEFAULT NULL COMMENT 'жүҖеұһжЁЎеқ—пјҲеҰӮ sys/userпјү',
    `category`    varchar(32) CHARACTER SET utf8mb4 COLLATE utf8mb4_general_ci  NOT NULL DEFAULT 'BACKEND' COMMENT 'жқғйҷҗеҲҶзұ»пјҡBACKEND-еҗҺз«ҜжқғйҷҗпјҢFRONTEND-еүҚз«Ҝжқғйҷҗ',
    `status`      varchar(16) CHARACTER SET utf8mb4 COLLATE utf8mb4_general_ci  NULL DEFAULT 'ENABLED' COMMENT 'зҠ¶жҖҒ',
    `sort_code`   int                                                           NULL DEFAULT 0 COMMENT 'жҺ’еәҸ',
    `is_deleted`  varchar(8) CHARACTER SET utf8mb4 COLLATE utf8mb4_general_ci   NULL DEFAULT 'NO' COMMENT 'йҖ»иҫ‘еҲ йҷӨ',
    `created_at`  datetime                                                      NULL DEFAULT NULL COMMENT 'еҲӣе»әж—¶й—ҙ',
    `created_by`  varchar(32) CHARACTER SET utf8mb4 COLLATE utf8mb4_general_ci  NULL DEFAULT NULL COMMENT 'еҲӣе»әз”ЁжҲ·',
    `updated_at`  datetime                                                      NULL DEFAULT NULL COMMENT 'жӣҙж–°ж—¶й—ҙ',
    `updated_by`  varchar(32) CHARACTER SET utf8mb4 COLLATE utf8mb4_general_ci  NULL DEFAULT NULL COMMENT 'жӣҙж–°з”ЁжҲ·',
    PRIMARY KEY (`id`) USING BTREE,
    UNIQUE INDEX `uk_code` (`code`) USING BTREE,
    INDEX `idx_module` (`module`) USING BTREE
) ENGINE = InnoDB
  CHARACTER SET = utf8mb4
  COLLATE = utf8mb4_general_ci COMMENT = 'жқғйҷҗ'
  ROW_FORMAT = Dynamic;

-- =============================================================================
-- д»Јз Ғз”ҹжҲҗеҹәзЎҖиЎЁ
-- =============================================================================
DROP TABLE IF EXISTS `gen_basic`;
CREATE TABLE `gen_basic` (
    `id`                varchar(32)  NOT NULL COMMENT 'дё»й”®',
    `db_table`          varchar(255) DEFAULT NULL COMMENT 'дё»иЎЁеҗҚз§°',
    `db_table_key`      varchar(255) DEFAULT NULL COMMENT 'дё»иЎЁдё»й”®',
    `module_name`       varchar(255) DEFAULT NULL COMMENT 'жЁЎеқ—еҗҚ',
    `table_prefix`      varchar(255) DEFAULT NULL COMMENT 'з§»йҷӨиЎЁеүҚзјҖ',
    `generate_type`     varchar(255) DEFAULT NULL COMMENT 'з”ҹжҲҗж–№ејҸ',
    `module`            varchar(255) DEFAULT NULL COMMENT 'жүҖеұһжЁЎеқ—',
    `menu_pid`          varchar(255) DEFAULT NULL COMMENT 'дёҠзә§зӣ®еҪ•',
    `class_name`        varchar(255) DEFAULT NULL COMMENT 'зұ»еҗҚ',
    `form_layout`       varchar(255) DEFAULT NULL COMMENT 'иЎЁеҚ•еёғеұҖ',
    `grid_whether`      varchar(255) DEFAULT NULL COMMENT 'дҪҝз”Ёж …ж ј',
    `package_name`      varchar(255) DEFAULT NULL COMMENT 'еҢ…еҗҚ',
    `author_name`       varchar(255) DEFAULT NULL COMMENT 'дҪңиҖ…',
    `gen_type`          varchar(50)  DEFAULT 'TABLE' COMMENT 'з”ҹжҲҗзұ»еһӢпјҲTABLE/TREE/LEFT_TREE_TABLE/MASTER_DETAILпјү',
    `tree_parent_field` varchar(200) DEFAULT NULL COMMENT 'ж ‘зҲ¶зә§еӯ—ж®ө',
    `tree_name_field`   varchar(200) DEFAULT NULL COMMENT 'ж ‘жҳҫзӨәеҗҚз§°еӯ—ж®ө',
    `sub_db_table`      varchar(200) DEFAULT NULL COMMENT 'еӯҗиЎЁеҗҚз§°',
    `sub_db_table_key`  varchar(200) DEFAULT NULL COMMENT 'еӯҗиЎЁдё»й”®',
    `sub_foreign_key`   varchar(200) DEFAULT NULL COMMENT 'еӯҗиЎЁеӨ–й”®',
    `sub_class_name`    varchar(200) DEFAULT NULL COMMENT 'еӯҗиЎЁзұ»еҗҚ',
    `sub_function_name` varchar(200) DEFAULT NULL COMMENT 'еӯҗиЎЁеҠҹиғҪеҗҚ',
    `sub_bus_name`      varchar(200) DEFAULT NULL COMMENT 'еӯҗиЎЁдёҡеҠЎеҗҚ',
    `sort_code`         int(11)      DEFAULT NULL COMMENT 'жҺ’еәҸ',
    `is_deleted`        varchar(8)   DEFAULT 'NO' COMMENT 'йҖ»иҫ‘еҲ йҷӨ',
    `created_at`        datetime     DEFAULT NULL COMMENT 'еҲӣе»әж—¶й—ҙ',
    `created_by`        varchar(32)  DEFAULT NULL COMMENT 'еҲӣе»әз”ЁжҲ·',
    `updated_at`        datetime     DEFAULT NULL COMMENT 'жӣҙж–°ж—¶й—ҙ',
    `updated_by`        varchar(32)  DEFAULT NULL COMMENT 'жӣҙж–°з”ЁжҲ·',
    PRIMARY KEY (`id`)
) ENGINE=InnoDB DEFAULT CHARSET=utf8mb4 COMMENT='д»Јз Ғз”ҹжҲҗеҹәзЎҖ';

-- =============================================================================
-- д»Јз Ғз”ҹжҲҗй…ҚзҪ®иЎЁ
-- =============================================================================
DROP TABLE IF EXISTS `gen_config`;
CREATE TABLE `gen_config` (
    `id`                  varchar(32)  NOT NULL COMMENT 'дё»й”®',
    `basic_id`            varchar(32)  DEFAULT NULL COMMENT 'еҹәзЎҖID',
    `is_table_key`        varchar(255) DEFAULT 'NO' COMMENT 'жҳҜеҗҰдё»й”®',
    `field_name`          varchar(255) DEFAULT NULL COMMENT 'еӯ—ж®өеҗҚ',
    `field_remark`        varchar(255) DEFAULT NULL COMMENT 'еӯ—ж®өжіЁйҮҠ',
    `field_type`          varchar(255) DEFAULT NULL COMMENT 'ж•°жҚ®еә“зұ»еһӢ',
    `field_language_type` varchar(255) DEFAULT NULL COMMENT 'иҜӯиЁҖж•°жҚ®зұ»еһӢ',
    `effect_type`         varchar(255) DEFAULT NULL COMMENT 'дҪңз”Ёзұ»еһӢпјҲinput/textarea/select/radio/checkbox/datepicker/etcпјү',
    `dict_type_code`      varchar(255) DEFAULT NULL COMMENT 'еӯ—е…ёзј–з Ғ',
    `whether_table`       varchar(255) DEFAULT 'YES' COMMENT 'еҲ—иЎЁжҳҫзӨә',
    `whether_retract`     varchar(255) DEFAULT 'NO' COMMENT 'еҲ—зңҒз•Ҙ',
    `whether_add_update`  varchar(255) DEFAULT 'YES' COMMENT 'жҳҜеҗҰеўһж”№',
    `whether_required`    varchar(255) DEFAULT 'NO' COMMENT 'еҝ…еЎ«',
    `whether_unique`      varchar(255) DEFAULT 'NO' COMMENT 'е”ҜдёҖ',
    `query_whether`       varchar(255) DEFAULT 'NO' COMMENT 'жҳҜеҗҰжҹҘиҜў',
    `query_type`          varchar(255) DEFAULT NULL COMMENT 'жҹҘиҜўж–№ејҸ',
    `table_type`          varchar(20)  DEFAULT 'MAIN' COMMENT 'жүҖеұһиЎЁзұ»еһӢпјҲMAIN/SUBпјү',
    `sort_code`           int(11)      DEFAULT NULL COMMENT 'жҺ’еәҸ',
    `is_deleted`          varchar(8)   DEFAULT 'NO' COMMENT 'йҖ»иҫ‘еҲ йҷӨ',
    `created_at`          datetime     DEFAULT NULL COMMENT 'еҲӣе»әж—¶й—ҙ',
    `created_by`          varchar(32)  DEFAULT NULL COMMENT 'еҲӣе»әз”ЁжҲ·',
    `updated_at`          datetime     DEFAULT NULL COMMENT 'жӣҙж–°ж—¶й—ҙ',
    `updated_by`          varchar(32)  DEFAULT NULL COMMENT 'жӣҙж–°з”ЁжҲ·',
    PRIMARY KEY (`id`),
    KEY `idx_basic_id` (`basic_id`)
) ENGINE=InnoDB DEFAULT CHARSET=utf8mb4 COMMENT='д»Јз Ғз”ҹжҲҗй…ҚзҪ®';

-- =============================================================================
-- з”ЁжҲ·-и§’иүІе…іиҒ”
-- =============================================================================
DROP TABLE IF EXISTS `ral_user_role`;
CREATE TABLE `ral_user_role`
(
    `id`                    varchar(32) CHARACTER SET utf8mb4 COLLATE utf8mb4_general_ci NOT NULL COMMENT 'дё»й”®',
    `user_id`               varchar(32) CHARACTER SET utf8mb4 COLLATE utf8mb4_general_ci NOT NULL COMMENT 'з”ЁжҲ·ID',
    `role_id`               varchar(32) CHARACTER SET utf8mb4 COLLATE utf8mb4_general_ci NOT NULL COMMENT 'и§’иүІID',
    `scope`                 varchar(32) CHARACTER SET utf8mb4 COLLATE utf8mb4_general_ci NULL DEFAULT NULL COMMENT 'ж•°жҚ®иҢғеӣҙиҰҶзӣ–пјҡALL-е…ЁйғЁпјҢCUSTOM-иҮӘе®ҡд№үпјҢORG-жң¬з»„з»ҮпјҢORG_AND_BELOW-жң¬з»„з»ҮеҸҠд»ҘдёӢпјҢSELF-жң¬дәәгҖӮдёәз©әеҲҷз»§жүҝ ral_role_permission зҡ„й…ҚзҪ®',
    `custom_scope_group_ids` text                                                        NULL COMMENT 'иҮӘе®ҡд№үж•°жҚ®иҢғеӣҙз»„IDеҲ—иЎЁ(JSONж•°з»„)пјҢscope=CUSTOMж—¶з”ҹж•Ҳ',
    `is_deleted`            varchar(8) CHARACTER SET utf8mb4 COLLATE utf8mb4_general_ci  NULL DEFAULT 'NO' COMMENT 'йҖ»иҫ‘еҲ йҷӨ',
    `created_at`            datetime                                                     NULL DEFAULT NULL COMMENT 'еҲӣе»әж—¶й—ҙ',
    `created_by`            varchar(32) CHARACTER SET utf8mb4 COLLATE utf8mb4_general_ci NULL DEFAULT NULL COMMENT 'еҲӣе»әз”ЁжҲ·',
    PRIMARY KEY (`id`) USING BTREE,
    UNIQUE INDEX `uk_user_role` (`user_id`, `role_id`) USING BTREE,
    INDEX `idx_role_id` (`role_id`) USING BTREE
) ENGINE = InnoDB
  CHARACTER SET = utf8mb4
  COLLATE = utf8mb4_general_ci COMMENT = 'з”ЁжҲ·-и§’иүІе…іиҒ”'
  ROW_FORMAT = Dynamic;

-- =============================================================================
-- з”ЁжҲ·-з”ЁжҲ·з»„е…іиҒ”
-- =============================================================================
DROP TABLE IF EXISTS `ral_user_group`;
CREATE TABLE `ral_user_group`
(
    `id`         varchar(32) CHARACTER SET utf8mb4 COLLATE utf8mb4_general_ci NOT NULL COMMENT 'дё»й”®',
    `user_id`    varchar(32) CHARACTER SET utf8mb4 COLLATE utf8mb4_general_ci NOT NULL COMMENT 'з”ЁжҲ·ID',
    `group_id`   varchar(32) CHARACTER SET utf8mb4 COLLATE utf8mb4_general_ci NOT NULL COMMENT 'з”ЁжҲ·з»„ID',
    `is_deleted` varchar(8) CHARACTER SET utf8mb4 COLLATE utf8mb4_general_ci  NULL DEFAULT 'NO' COMMENT 'йҖ»иҫ‘еҲ йҷӨ',
    `created_at` datetime                                                     NULL DEFAULT NULL COMMENT 'еҲӣе»әж—¶й—ҙ',
    `created_by` varchar(32) CHARACTER SET utf8mb4 COLLATE utf8mb4_general_ci NULL DEFAULT NULL COMMENT 'еҲӣе»әз”ЁжҲ·',
    PRIMARY KEY (`id`) USING BTREE,
    UNIQUE INDEX `uk_user_group` (`user_id`, `group_id`) USING BTREE,
    INDEX `idx_group_id` (`group_id`) USING BTREE
) ENGINE = InnoDB
  CHARACTER SET = utf8mb4
  COLLATE = utf8mb4_general_ci COMMENT = 'з”ЁжҲ·-з”ЁжҲ·з»„е…іиҒ”'
  ROW_FORMAT = Dynamic;

-- =============================================================================
-- з”ЁжҲ·-жқғйҷҗзӣҙе…іиҒ”
-- =============================================================================
DROP TABLE IF EXISTS `ral_user_permission`;
CREATE TABLE `ral_user_permission`
(
    `id`                     varchar(32) CHARACTER SET utf8mb4 COLLATE utf8mb4_general_ci NOT NULL COMMENT 'дё»й”®',
    `user_id`                varchar(32) CHARACTER SET utf8mb4 COLLATE utf8mb4_general_ci NOT NULL COMMENT 'з”ЁжҲ·ID',
    `permission_id`          varchar(32) CHARACTER SET utf8mb4 COLLATE utf8mb4_general_ci NOT NULL COMMENT 'жқғйҷҗID',
    `scope`                  varchar(32) CHARACTER SET utf8mb4 COLLATE utf8mb4_general_ci NULL DEFAULT 'ALL' COMMENT 'ж•°жҚ®иҢғеӣҙпјҡALL-е…ЁйғЁпјҢSELF-жң¬дәәпјҢORG-жң¬з»„з»ҮпјҢORG_AND_BELOW-жң¬з»„з»ҮеҸҠд»ҘдёӢпјҢCUSTOM_ORG-иҮӘе®ҡд№үз»„з»ҮпјҢGROUP-жң¬з”ЁжҲ·з»„пјҢGROUP_AND_BELOW-жң¬з”ЁжҲ·з»„еҸҠд»ҘдёӢпјҢCUSTOM_GROUP-иҮӘе®ҡд№үз”ЁжҲ·з»„',
    `custom_scope_group_ids` text                                                        NULL COMMENT 'иҮӘе®ҡд№үз”ЁжҲ·з»„IDеҲ—иЎЁ(JSONж•°з»„)пјҢscope=CUSTOM_GROUPж—¶з”ҹж•Ҳ',
    `custom_scope_org_ids`   text                                                        NULL COMMENT 'иҮӘе®ҡд№үз»„з»ҮIDеҲ—иЎЁ(JSONж•°з»„)пјҢscope=CUSTOM_ORGж—¶з”ҹж•Ҳ',
    `is_deleted`             varchar(8) CHARACTER SET utf8mb4 COLLATE utf8mb4_general_ci  NULL DEFAULT 'NO' COMMENT 'йҖ»иҫ‘еҲ йҷӨ',
    `created_at`             datetime                                                     NULL DEFAULT NULL COMMENT 'еҲӣе»әж—¶й—ҙ',
    `created_by`             varchar(32) CHARACTER SET utf8mb4 COLLATE utf8mb4_general_ci NULL DEFAULT NULL COMMENT 'еҲӣе»әз”ЁжҲ·',
    PRIMARY KEY (`id`) USING BTREE,
    UNIQUE INDEX `uk_user_permission` (`user_id`, `permission_id`) USING BTREE,
    INDEX `idx_permission_id` (`permission_id`) USING BTREE
) ENGINE = InnoDB
  CHARACTER SET = utf8mb4
  COLLATE = utf8mb4_general_ci COMMENT = 'з”ЁжҲ·-жқғйҷҗзӣҙе…іиҒ”'
  ROW_FORMAT = Dynamic;

-- =============================================================================
-- и§’иүІ-жқғйҷҗе…іиҒ”
-- =============================================================================
DROP TABLE IF EXISTS `ral_role_permission`;
CREATE TABLE `ral_role_permission`
(
    `id`                     varchar(32) CHARACTER SET utf8mb4 COLLATE utf8mb4_general_ci NOT NULL COMMENT 'дё»й”®',
    `role_id`                varchar(32) CHARACTER SET utf8mb4 COLLATE utf8mb4_general_ci NOT NULL COMMENT 'и§’иүІID',
    `permission_id`          varchar(32) CHARACTER SET utf8mb4 COLLATE utf8mb4_general_ci NOT NULL COMMENT 'жқғйҷҗID',
    `scope`                  varchar(32) CHARACTER SET utf8mb4 COLLATE utf8mb4_general_ci NULL DEFAULT 'ALL' COMMENT 'ж•°жҚ®иҢғеӣҙпјҡALL-е…ЁйғЁпјҢSELF-жң¬дәәпјҢORG-жң¬з»„з»ҮпјҢORG_AND_BELOW-жң¬з»„з»ҮеҸҠд»ҘдёӢпјҢCUSTOM_ORG-иҮӘе®ҡд№үз»„з»ҮпјҢGROUP-жң¬з”ЁжҲ·з»„пјҢGROUP_AND_BELOW-жң¬з”ЁжҲ·з»„еҸҠд»ҘдёӢпјҢCUSTOM_GROUP-иҮӘе®ҡд№үз”ЁжҲ·з»„',
    `custom_scope_group_ids` text                                                        NULL COMMENT 'иҮӘе®ҡд№үз”ЁжҲ·з»„IDеҲ—иЎЁ(JSONж•°з»„)пјҢscope=CUSTOM_GROUPж—¶з”ҹж•Ҳ',
    `custom_scope_org_ids`   text                                                        NULL COMMENT 'иҮӘе®ҡд№үз»„з»ҮIDеҲ—иЎЁ(JSONж•°з»„)пјҢscope=CUSTOM_ORGж—¶з”ҹж•Ҳ',
    `is_deleted`             varchar(8) CHARACTER SET utf8mb4 COLLATE utf8mb4_general_ci  NULL DEFAULT 'NO' COMMENT 'йҖ»иҫ‘еҲ йҷӨ',
    `created_at`             datetime                                                     NULL DEFAULT NULL COMMENT 'еҲӣе»әж—¶й—ҙ',
    `created_by`             varchar(32) CHARACTER SET utf8mb4 COLLATE utf8mb4_general_ci NULL DEFAULT NULL COMMENT 'еҲӣе»әз”ЁжҲ·',
    PRIMARY KEY (`id`) USING BTREE,
    UNIQUE INDEX `uk_role_permission` (`role_id`, `permission_id`) USING BTREE,
    INDEX `idx_permission_id` (`permission_id`) USING BTREE
) ENGINE = InnoDB
  CHARACTER SET = utf8mb4
  COLLATE = utf8mb4_general_ci COMMENT = 'и§’иүІ-жқғйҷҗе…іиҒ”'
  ROW_FORMAT = Dynamic;

-- =============================================================================
-- и§’иүІ-иө„жәҗе…іиҒ”
-- =============================================================================
DROP TABLE IF EXISTS `ral_role_resource`;
CREATE TABLE `ral_role_resource`
(
    `id`          varchar(32) CHARACTER SET utf8mb4 COLLATE utf8mb4_general_ci NOT NULL COMMENT 'дё»й”®',
    `role_id`     varchar(32) CHARACTER SET utf8mb4 COLLATE utf8mb4_general_ci NOT NULL COMMENT 'и§’иүІID',
    `resource_id` varchar(32) CHARACTER SET utf8mb4 COLLATE utf8mb4_general_ci NOT NULL COMMENT 'иө„жәҗID',
    `is_deleted`  varchar(8) CHARACTER SET utf8mb4 COLLATE utf8mb4_general_ci  NULL DEFAULT 'NO' COMMENT 'йҖ»иҫ‘еҲ йҷӨ',
    `created_at`  datetime                                                     NULL DEFAULT NULL COMMENT 'еҲӣе»әж—¶й—ҙ',
    `created_by`  varchar(32) CHARACTER SET utf8mb4 COLLATE utf8mb4_general_ci NULL DEFAULT NULL COMMENT 'еҲӣе»әз”ЁжҲ·',
    PRIMARY KEY (`id`) USING BTREE,
    UNIQUE INDEX `uk_role_resource` (`role_id`, `resource_id`) USING BTREE,
    INDEX `idx_resource_id` (`resource_id`) USING BTREE
) ENGINE = InnoDB
  CHARACTER SET = utf8mb4
  COLLATE = utf8mb4_general_ci COMMENT = 'и§’иүІ-иө„жәҗе…іиҒ”'
  ROW_FORMAT = Dynamic;

-- =============================================================================
-- з”ЁжҲ·з»„-и§’иүІе…іиҒ”пјҲе·ІеәҹејғвҖ”вҖ”дҪҝз”Ё ral_role_permission зҡ„ GROUP / CUSTOM_GROUP scopeпјү
-- =============================================================================
-- DROP TABLE IF EXISTS `ral_group_role`;

-- =============================================================================
-- з»„з»Ү-и§’иүІе…іиҒ”
-- =============================================================================
DROP TABLE IF EXISTS `ral_org_role`;
CREATE TABLE `ral_org_role`
(
    `id`                     varchar(32) CHARACTER SET utf8mb4 COLLATE utf8mb4_general_ci  NOT NULL COMMENT 'дё»й”®',
    `org_id`                 varchar(32) CHARACTER SET utf8mb4 COLLATE utf8mb4_general_ci  NOT NULL COMMENT 'з»„з»ҮID',
    `role_id`                varchar(32) CHARACTER SET utf8mb4 COLLATE utf8mb4_general_ci  NOT NULL COMMENT 'и§’иүІID',
    `scope`                  varchar(32) CHARACTER SET utf8mb4 COLLATE utf8mb4_general_ci  NULL DEFAULT NULL COMMENT 'ж•°жҚ®иҢғеӣҙиҰҶзӣ–пјҡALL-е…ЁйғЁпјҢSELF-жң¬дәәпјҢORG-жң¬з»„з»ҮпјҢORG_AND_BELOW-жң¬з»„з»ҮеҸҠд»ҘдёӢпјҢCUSTOM_ORG-иҮӘе®ҡд№үз»„з»ҮпјҢGROUP-жң¬з”ЁжҲ·з»„пјҢGROUP_AND_BELOW-жң¬з”ЁжҲ·з»„еҸҠд»ҘдёӢпјҢCUSTOM_GROUP-иҮӘе®ҡд№үз”ЁжҲ·з»„гҖӮдёәз©әеҲҷз»§жүҝ ral_role_permission зҡ„й…ҚзҪ®',
    `custom_scope_group_ids` text                                                          NULL COMMENT 'иҮӘе®ҡд№үз”ЁжҲ·з»„IDеҲ—иЎЁ(JSONж•°з»„)пјҢscope=CUSTOM_GROUPж—¶з”ҹж•Ҳ',
    `custom_scope_org_ids`   text                                                          NULL COMMENT 'иҮӘе®ҡд№үз»„з»ҮIDеҲ—иЎЁ(JSONж•°з»„)пјҢscope=CUSTOM_ORGж—¶з”ҹж•Ҳ',
    `is_deleted`             varchar(8) CHARACTER SET utf8mb4 COLLATE utf8mb4_general_ci   NULL DEFAULT 'NO' COMMENT 'йҖ»иҫ‘еҲ йҷӨ',
    `created_at`             datetime                                                      NULL DEFAULT NULL COMMENT 'еҲӣе»әж—¶й—ҙ',
    `created_by`             varchar(32) CHARACTER SET utf8mb4 COLLATE utf8mb4_general_ci  NULL DEFAULT NULL COMMENT 'еҲӣе»әз”ЁжҲ·',
    PRIMARY KEY (`id`) USING BTREE,
    UNIQUE INDEX `uk_org_role` (`org_id`, `role_id`) USING BTREE,
    INDEX `idx_role_id` (`role_id`) USING BTREE
) ENGINE = InnoDB
  CHARACTER SET = utf8mb4
  COLLATE = utf8mb4_general_ci COMMENT = 'з»„з»Ү-и§’иүІе…іиҒ”'
  ROW_FORMAT = Dynamic;

-- =============================================================================
-- зі»з»ҹй…ҚзҪ®
-- =============================================================================
DROP TABLE IF EXISTS `sys_config`;
CREATE TABLE `sys_config`
(
    `id`          varchar(32) CHARACTER SET utf8mb4 COLLATE utf8mb4_general_ci  NOT NULL COMMENT 'дё»й”®',
    `config_key`  varchar(255) CHARACTER SET utf8mb4 COLLATE utf8mb4_general_ci NULL DEFAULT NULL COMMENT 'й…ҚзҪ®й”®',
    `config_value` longtext CHARACTER SET utf8mb4 COLLATE utf8mb4_general_ci    NULL COMMENT 'й…ҚзҪ®еҖј',
    `category`    varchar(255) CHARACTER SET utf8mb4 COLLATE utf8mb4_general_ci NULL DEFAULT NULL COMMENT 'еҲҶзұ»',
    `remark`      varchar(500) CHARACTER SET utf8mb4 COLLATE utf8mb4_general_ci NULL DEFAULT NULL COMMENT 'еӨҮжіЁ',
    `sort_code`   int                                                           NULL DEFAULT 0 COMMENT 'жҺ’еәҸз Ғ',
    `ext_json`    longtext CHARACTER SET utf8mb4 COLLATE utf8mb4_general_ci     NULL COMMENT 'жү©еұ•дҝЎжҒҜ',
    `is_deleted`  varchar(8) CHARACTER SET utf8mb4 COLLATE utf8mb4_general_ci   NULL DEFAULT 'NO' COMMENT 'йҖ»иҫ‘еҲ йҷӨ',
    `created_at`  datetime                                                      NULL DEFAULT NULL COMMENT 'еҲӣе»әж—¶й—ҙ',
    `created_by`  varchar(32) CHARACTER SET utf8mb4 COLLATE utf8mb4_general_ci  NULL DEFAULT NULL COMMENT 'еҲӣе»әз”ЁжҲ·',
    `updated_at`  datetime                                                      NULL DEFAULT NULL COMMENT 'дҝ®ж”№ж—¶й—ҙ',
    `updated_by`  varchar(32) CHARACTER SET utf8mb4 COLLATE utf8mb4_general_ci  NULL DEFAULT NULL COMMENT 'дҝ®ж”№з”ЁжҲ·',
    PRIMARY KEY (`id`) USING BTREE
) ENGINE = InnoDB
  CHARACTER SET = utf8mb4
  COLLATE = utf8mb4_general_ci COMMENT = 'зі»з»ҹй…ҚзҪ®'
  ROW_FORMAT = Dynamic;

-- зі»з»ҹй…ҚзҪ®з§Қеӯҗж•°жҚ®
INSERT INTO `sys_config` (`id`, `config_key`, `config_value`, `category`, `remark`, `sort_code`, `is_deleted`, `created_at`, `created_by`, `updated_at`, `updated_by`)
VALUES ('1', 'SYS_DEFAULT_FILE_ENGINE', 'LOCAL', 'SYS_BASE', 'й»ҳи®Өж–Үд»¶еј•ж“Һ', 1, 'NO', NOW(), 'ADMIN', NOW(), 'ADMIN'),
       ('2', 'SYS_FILE_LOCAL_FOLDER_FOR_WINDOWS', 'D:/hei-file-upload', 'FILE_LOCAL', 'жң¬ең°ж–Үд»¶еӯҳеӮЁи·Ҝеҫ„(Windows)', 2, 'NO', NOW(), 'ADMIN', NOW(), 'ADMIN'),
       ('3', 'SYS_FILE_LOCAL_FOLDER_FOR_UNIX', '/data/hei-file-upload', 'FILE_LOCAL', 'жң¬ең°ж–Үд»¶еӯҳеӮЁи·Ҝеҫ„(Unix)', 3, 'NO', NOW(), 'ADMIN', NOW(), 'ADMIN');

-- =============================================================================
-- ж–Үд»¶
-- =============================================================================
DROP TABLE IF EXISTS `sys_file`;
CREATE TABLE `sys_file`
(
    `id`               varchar(32) CHARACTER SET utf8mb4 COLLATE utf8mb4_general_ci  NOT NULL COMMENT 'дё»й”®',
    `engine`           varchar(50) CHARACTER SET utf8mb4 COLLATE utf8mb4_general_ci  NULL DEFAULT NULL COMMENT 'еӯҳеӮЁеј•ж“Һ',
    `bucket`           varchar(255) CHARACTER SET utf8mb4 COLLATE utf8mb4_general_ci NULL DEFAULT NULL COMMENT 'еӯҳеӮЁжЎ¶',
    `file_key`         varchar(500) CHARACTER SET utf8mb4 COLLATE utf8mb4_general_ci NULL DEFAULT NULL COMMENT 'ж–Үд»¶Key',
    `name`             text CHARACTER SET utf8mb4 COLLATE utf8mb4_general_ci         NULL COMMENT 'ж–Үд»¶еҗҚз§°',
    `suffix`           varchar(50) CHARACTER SET utf8mb4 COLLATE utf8mb4_general_ci  NULL DEFAULT NULL COMMENT 'ж–Үд»¶еҗҺзјҖ',
    `size_kb`          bigint                                                        NULL DEFAULT NULL COMMENT 'ж–Үд»¶еӨ§е°Ҹkb',
    `size_info`        varchar(50) CHARACTER SET utf8mb4 COLLATE utf8mb4_general_ci  NULL DEFAULT NULL COMMENT 'ж–Үд»¶еӨ§е°ҸпјҲж јејҸеҢ–еҗҺпјү',
    `obj_name`         text CHARACTER SET utf8mb4 COLLATE utf8mb4_general_ci         NULL COMMENT 'ж–Үд»¶зҡ„еҜ№иұЎеҗҚпјҲе”ҜдёҖеҗҚз§°пјү',
    `storage_path`     text CHARACTER SET utf8mb4 COLLATE utf8mb4_general_ci         NULL COMMENT 'ж–Үд»¶еӯҳеӮЁи·Ҝеҫ„',
    `download_path`    text CHARACTER SET utf8mb4 COLLATE utf8mb4_general_ci         NULL COMMENT 'ж–Үд»¶дёӢиҪҪи·Ҝеҫ„',
    `is_download_auth` tinyint(1)                                                    NULL DEFAULT NULL COMMENT 'ж–Үд»¶дёӢиҪҪжҳҜеҗҰйңҖиҰҒжҺҲжқғ',
    `thumbnail`        longtext CHARACTER SET utf8mb4 COLLATE utf8mb4_general_ci     NULL COMMENT 'еӣҫзүҮзј©з•Ҙеӣҫ',
    `ext_json`         longtext CHARACTER SET utf8mb4 COLLATE utf8mb4_general_ci     NULL COMMENT 'жү©еұ•дҝЎжҒҜ',
    `is_deleted`       varchar(8) CHARACTER SET utf8mb4 COLLATE utf8mb4_general_ci   NULL DEFAULT 'NO' COMMENT 'йҖ»иҫ‘еҲ йҷӨ',
    `created_at`       datetime                                                      NULL DEFAULT NULL COMMENT 'еҲӣе»әж—¶й—ҙ',
    `created_by`       varchar(32) CHARACTER SET utf8mb4 COLLATE utf8mb4_general_ci  NULL DEFAULT NULL COMMENT 'еҲӣе»әз”ЁжҲ·',
    `updated_at`       datetime                                                      NULL DEFAULT NULL COMMENT 'дҝ®ж”№ж—¶й—ҙ',
    `updated_by`       varchar(32) CHARACTER SET utf8mb4 COLLATE utf8mb4_general_ci  NULL DEFAULT NULL COMMENT 'дҝ®ж”№з”ЁжҲ·',
    PRIMARY KEY (`id`) USING BTREE
) ENGINE = InnoDB
  CHARACTER SET = utf8mb4
  COLLATE = utf8mb4_general_ci COMMENT = 'ж–Үд»¶'
  ROW_FORMAT = Dynamic;

-- =============================================================================
-- з§Қеӯҗж•°жҚ®пјҲжҢүдҫқиө–йЎәеәҸжҸ’е…Ҙпјү
-- иҜҙжҳҺпјҡеҜҶз Ғеӯ—ж®өеӯҳеӮЁзҡ„жҳҜ bcrypt е“ҲеёҢеҖјпјҢйқһ SM2 еҜҶж–ҮгҖӮ
--       SM2 д»…з”ЁдәҺеүҚз«ҜеҲ°еҗҺз«Ҝзҡ„дј иҫ“еҠ еҜҶпјҢе…Ҙеә“ж—¶е·Іи§ЈеҜҶе№¶ bcrypt е“ҲеёҢгҖӮ
--       жүӢжңәеҸ·гҖҒйӮ®з®ұзӯүж•Ҹж„ҹеӯ—ж®өеңЁеә“дёӯеӯҳеӮЁдёәжҳҺж–ҮпјҲйЎ№зӣ®еҪ“еүҚи®ҫи®ЎеҰӮжӯӨпјүгҖӮ
-- =============================================================================

-- =============================================================================
-- з»„з»Ү sys_org
-- =============================================================================
INSERT INTO `sys_org` (`id`, `code`, `name`, `category`, `parent_id`, `description`, `status`, `sort_code`, `is_deleted`, `created_at`, `created_by`, `updated_at`, `updated_by`)
VALUES ('org_root', 'HEI', 'HeiйӣҶеӣў', 'GROUP', NULL, 'йӣҶеӣўжҖ»йғЁ', 'ENABLED', 1, 'NO', NOW(), 'ADMIN', NOW(), 'ADMIN'),
       ('org_tech', 'TECH', 'жҠҖжңҜйғЁ', 'DEPT', 'org_root', 'жҠҖжңҜз ”еҸ‘йғЁй—Ё', 'ENABLED', 2, 'NO', NOW(), 'ADMIN', NOW(), 'ADMIN'),
       ('org_mkt', 'MKT', 'еёӮеңәйғЁ', 'DEPT', 'org_root', 'еёӮеңәиҗҘй”ҖйғЁй—Ё', 'ENABLED', 3, 'NO', NOW(), 'ADMIN', NOW(), 'ADMIN'),
       ('org_fin', 'FIN', 'иҙўеҠЎйғЁ', 'DEPT', 'org_root', 'иҙўеҠЎз®ЎзҗҶйғЁй—Ё', 'ENABLED', 4, 'NO', NOW(), 'ADMIN', NOW(), 'ADMIN'),
       ('org_hr', 'HR', 'дәәеҠӣиө„жәҗйғЁ', 'DEPT', 'org_root', 'дәәеҠӣиө„жәҗз®ЎзҗҶйғЁй—Ё', 'ENABLED', 5, 'NO', NOW(), 'ADMIN', NOW(), 'ADMIN'),
       ('org_sales', 'SALES', 'й”Җе”®йғЁ', 'DEPT', 'org_root', 'й”Җе”®йғЁй—Ё', 'ENABLED', 6, 'NO', NOW(), 'ADMIN', NOW(), 'ADMIN'),
       ('org_ops', 'OPS', 'иҝҗз»ҙйғЁ', 'DEPT', 'org_root', 'иҝҗз»ҙз®ЎзҗҶйғЁй—Ё', 'ENABLED', 7, 'NO', NOW(), 'ADMIN', NOW(), 'ADMIN');

-- =============================================================================
-- иҒҢдҪҚ sys_position
-- =============================================================================
INSERT INTO `sys_position` (`id`, `code`, `name`, `category`, `org_id`, `group_id`, `description`, `status`, `sort_code`, `is_deleted`, `created_at`, `created_by`, `updated_at`, `updated_by`)
VALUES ('pos_ceo', 'CEO', 'жҖ»з»ҸзҗҶ', 'MGMT', 'org_root', NULL, 'е…¬еҸёжҖ»з»ҸзҗҶ', 'ENABLED', 1, 'NO', NOW(), 'ADMIN', NOW(), 'ADMIN'),
       ('pos_cto', 'CTO', 'жҠҖжңҜжҖ»зӣ‘', 'TECH', 'org_tech', NULL, 'жҠҖжңҜйғЁй—ЁжҖ»зӣ‘', 'ENABLED', 2, 'NO', NOW(), 'ADMIN', NOW(), 'ADMIN'),
       ('pos_dev_leader', 'DEV_LEAD', 'ејҖеҸ‘з»„й•ҝ', 'TECH', 'org_tech', NULL, 'ејҖеҸ‘еӣўйҳҹз»„й•ҝ', 'ENABLED', 3, 'NO', NOW(), 'ADMIN', NOW(), 'ADMIN'),
       ('pos_dev', 'DEV', 'ејҖеҸ‘е·ҘзЁӢеёҲ', 'TECH', 'org_tech', NULL, 'иҪҜд»¶ејҖеҸ‘е·ҘзЁӢеёҲ', 'ENABLED', 4, 'NO', NOW(), 'ADMIN', NOW(), 'ADMIN'),
       ('pos_test', 'TEST', 'жөӢиҜ•е·ҘзЁӢеёҲ', 'TECH', 'org_tech', NULL, 'иҪҜд»¶жөӢиҜ•е·ҘзЁӢеёҲ', 'ENABLED', 5, 'NO', NOW(), 'ADMIN', NOW(), 'ADMIN'),
       ('pos_pm', 'PM', 'дә§е“Ғз»ҸзҗҶ', 'MKT', 'org_mkt', NULL, 'дә§е“Ғз»ҸзҗҶ', 'ENABLED', 6, 'NO', NOW(), 'ADMIN', NOW(), 'ADMIN'),
       ('pos_mkt_dir', 'MKT_DIR', 'еёӮеңәжҖ»зӣ‘', 'MKT', 'org_mkt', NULL, 'еёӮеңәйғЁжҖ»зӣ‘', 'ENABLED', 7, 'NO', NOW(), 'ADMIN', NOW(), 'ADMIN'),
       ('pos_fin_dir', 'FIN_DIR', 'иҙўеҠЎжҖ»зӣ‘', 'FIN', 'org_fin', NULL, 'иҙўеҠЎйғЁжҖ»зӣ‘', 'ENABLED', 8, 'NO', NOW(), 'ADMIN', NOW(), 'ADMIN'),
       ('pos_hr_dir', 'HR_DIR', 'дәәеҠӣиө„жәҗжҖ»зӣ‘', 'HR', 'org_hr', NULL, 'дәәеҠӣиө„жәҗйғЁжҖ»зӣ‘', 'ENABLED', 9, 'NO', NOW(), 'ADMIN', NOW(), 'ADMIN'),
       ('pos_sales', 'SALES', 'й”Җе”®дё“е‘ҳ', 'SALES', 'org_sales', NULL, 'й”Җе”®дё“е‘ҳ', 'ENABLED', 10, 'NO', NOW(), 'ADMIN', NOW(), 'ADMIN'),
       ('pos_ops', 'OPS', 'иҝҗз»ҙе·ҘзЁӢеёҲ', 'OPS', 'org_ops', NULL, 'иҝҗз»ҙе·ҘзЁӢеёҲ', 'ENABLED', 11, 'NO', NOW(), 'ADMIN', NOW(), 'ADMIN');

-- =============================================================================
-- з”ЁжҲ·з»„ sys_group
-- =============================================================================
INSERT INTO `sys_group` (`id`, `code`, `name`, `category`, `parent_id`, `org_id`, `description`, `status`, `sort_code`, `is_deleted`, `created_at`, `created_by`, `updated_at`, `updated_by`)
VALUES ('grp_admin', 'ADMIN_GRP', 'з®ЎзҗҶз»„', 'ADMIN', NULL, 'org_root', 'зі»з»ҹз®ЎзҗҶз»„', 'ENABLED', 1, 'NO', NOW(), 'ADMIN', NOW(), 'ADMIN'),
       ('grp_dev', 'DEV_GRP', 'з ”еҸ‘з»„', 'TECH', NULL, 'org_tech', 'жҠҖжңҜз ”еҸ‘з»„', 'ENABLED', 2, 'NO', NOW(), 'ADMIN', NOW(), 'ADMIN'),
       ('grp_test', 'TEST_GRP', 'жөӢиҜ•з»„', 'TECH', NULL, 'org_tech', 'иҪҜд»¶жөӢиҜ•з»„', 'ENABLED', 3, 'NO', NOW(), 'ADMIN', NOW(), 'ADMIN'),
       ('grp_product', 'PROD_GRP', 'дә§е“Ғз»„', 'MKT', NULL, 'org_mkt', 'дә§е“Ғи®ҫи®Ўз»„', 'ENABLED', 4, 'NO', NOW(), 'ADMIN', NOW(), 'ADMIN'),
       ('grp_market', 'MKT_GRP', 'еёӮеңәз»„', 'MKT', NULL, 'org_mkt', 'еёӮеңәжҺЁе№ҝз»„', 'ENABLED', 5, 'NO', NOW(), 'ADMIN', NOW(), 'ADMIN');

-- =============================================================================
-- и§’иүІ sys_role
-- =============================================================================
INSERT INTO `sys_role` (`id`, `code`, `name`, `category`, `description`, `status`, `sort_code`, `is_deleted`, `created_at`, `created_by`, `updated_at`, `updated_by`)
VALUES ('role_super_admin', 'super_admin', 'и¶…зә§з®ЎзҗҶе‘ҳ', 'BACKEND', 'зі»з»ҹи¶…зә§з®ЎзҗҶе‘ҳпјҢжӢҘжңүе…ЁйғЁжқғйҷҗ', 'ENABLED', 1, 'NO', NOW(), 'ADMIN', NOW(), 'ADMIN'),
       ('role_admin', 'admin', 'зі»з»ҹз®ЎзҗҶе‘ҳ', 'BACKEND', 'зі»з»ҹз®ЎзҗҶе‘ҳ', 'ENABLED', 2, 'NO', NOW(), 'ADMIN', NOW(), 'ADMIN'),
       ('role_dev', 'dev', 'ејҖеҸ‘дәәе‘ҳ', 'BACKEND', 'ејҖеҸ‘дәәе‘ҳи§’иүІ', 'ENABLED', 3, 'NO', NOW(), 'ADMIN', NOW(), 'ADMIN'),
       ('role_test', 'test', 'жөӢиҜ•дәәе‘ҳ', 'BACKEND', 'жөӢиҜ•дәәе‘ҳи§’иүІ', 'ENABLED', 4, 'NO', NOW(), 'ADMIN', NOW(), 'ADMIN'),
       ('role_mkt', 'mkt', 'еёӮеңәдәәе‘ҳ', 'BACKEND', 'еёӮеңәдәәе‘ҳи§’иүІ', 'ENABLED', 5, 'NO', NOW(), 'ADMIN', NOW(), 'ADMIN'),
       ('role_fin', 'fin', 'иҙўеҠЎдәәе‘ҳ', 'BACKEND', 'иҙўеҠЎдәәе‘ҳи§’иүІ', 'ENABLED', 6, 'NO', NOW(), 'ADMIN', NOW(), 'ADMIN'),
       ('role_hr', 'hr', 'дәәеҠӣиө„жәҗ', 'BACKEND', 'дәәеҠӣиө„жәҗи§’иүІ', 'ENABLED', 7, 'NO', NOW(), 'ADMIN', NOW(), 'ADMIN');

-- =============================================================================
-- B з«Ҝз”ЁжҲ· sys_user
-- еҜҶз ҒиҜҙжҳҺпјҡadmin еҜҶз Ғдёә admin123пјҢе…¶дҪҷз”ЁжҲ·еҜҶз ҒеқҮдёә 123456
-- еҜҶз ҒеӯҳеӮЁдёә bcrypt е“ҲеёҢпјҲйқһ SM2 еҜҶж–Үпјү
-- =============================================================================
INSERT INTO `sys_user` (`id`, `account`, `password`, `nickname`, `avatar`, `motto`, `gender`, `birthday`, `email`, `github`, `phone`, `org_id`, `position_id`, `status`, `login_count`, `is_deleted`, `created_at`, `created_by`, `updated_at`, `updated_by`)
VALUES ('user_admin', 'admin', '$2b$12$5t3Ey0kGLXaWgmUMYHh8aeh9hOTwpIcKI4M.txQi26Sd3jz4aeEm2', 'з®ЎзҗҶе‘ҳ', NULL, 'з®ЎзҗҶдёҖеҲҮ', 'MALE', '1990-01-01', 'admin@hei.com', NULL, '13800000001', 'org_root', 'pos_ceo', 'ACTIVE', 0, 'NO', NOW(), 'ADMIN', NOW(), 'ADMIN'),
       ('user_dev1', 'zhangsan', '$2b$12$UQFzAxtCkfwFwgrJy0XYm.rO860SX5NIH6zOEm/4SsUdgMA9SkuVC', 'еј дёү', NULL, 'д»Јз Ғж”№еҸҳдё–з•Ң', 'MALE', '1995-05-15', 'zhangsan@hei.com', 'https://github.com/zhangsan', '13800000002', 'org_tech', 'pos_dev', 'ACTIVE', 0, 'NO', NOW(), 'ADMIN', NOW(), 'ADMIN'),
       ('user_dev2', 'lisi', '$2b$12$UQFzAxtCkfwFwgrJy0XYm.rO860SX5NIH6zOEm/4SsUdgMA9SkuVC', 'жқҺеӣӣ', NULL, 'еӯҰж— жӯўеўғ', 'MALE', '1993-08-20', 'lisi@hei.com', NULL, '13800000003', 'org_tech', 'pos_dev', 'ACTIVE', 0, 'NO', NOW(), 'ADMIN', NOW(), 'ADMIN'),
       ('user_dev3', 'wangwu', '$2b$12$UQFzAxtCkfwFwgrJy0XYm.rO860SX5NIH6zOEm/4SsUdgMA9SkuVC', 'зҺӢдә”', NULL, 'иҝҪжұӮеҚ“и¶Ҡ', 'MALE', '1994-03-10', 'wangwu@hei.com', NULL, '13800000004', 'org_tech', 'pos_dev_leader', 'ACTIVE', 0, 'NO', NOW(), 'ADMIN', NOW(), 'ADMIN'),
       ('user_test1', 'zhaoliu', '$2b$12$UQFzAxtCkfwFwgrJy0XYm.rO860SX5NIH6zOEm/4SsUdgMA9SkuVC', 'иөөе…ӯ', NULL, 'иҙЁйҮҸз¬¬дёҖ', 'FEMALE', '1996-11-25', 'zhaoliu@hei.com', NULL, '13800000005', 'org_tech', 'pos_test', 'ACTIVE', 0, 'NO', NOW(), 'ADMIN', NOW(), 'ADMIN'),
       ('user_pm1', 'sunqi', '$2b$12$UQFzAxtCkfwFwgrJy0XYm.rO860SX5NIH6zOEm/4SsUdgMA9SkuVC', 'еӯҷдёғ', NULL, 'з”ЁжҲ·иҮідёҠ', 'MALE', '1991-07-07', 'sunqi@hei.com', NULL, '13800000006', 'org_mkt', 'pos_pm', 'ACTIVE', 0, 'NO', NOW(), 'ADMIN', NOW(), 'ADMIN'),
       ('user_mkt1', 'zhouba', '$2b$12$UQFzAxtCkfwFwgrJy0XYm.rO860SX5NIH6zOEm/4SsUdgMA9SkuVC', 'е‘Ёе…«', NULL, 'еёӮеңәе°ұжҳҜжҲҳеңә', 'FEMALE', '1992-02-14', 'zhouba@hei.com', NULL, '13800000007', 'org_mkt', 'pos_mkt_dir', 'ACTIVE', 0, 'NO', NOW(), 'ADMIN', NOW(), 'ADMIN'),
       ('user_fin1', 'wujiu', '$2b$12$UQFzAxtCkfwFwgrJy0XYm.rO860SX5NIH6zOEm/4SsUdgMA9SkuVC', 'еҗҙд№қ', NULL, 'зІҫжү“з»Ҷз®—', 'MALE', '1988-09-09', 'wujiu@hei.com', NULL, '13800000008', 'org_fin', 'pos_fin_dir', 'ACTIVE', 0, 'NO', NOW(), 'ADMIN', NOW(), 'ADMIN'),
       ('user_hr1', 'zhengshi', '$2b$12$UQFzAxtCkfwFwgrJy0XYm.rO860SX5NIH6zOEm/4SsUdgMA9SkuVC', 'йғ‘еҚҒ', NULL, 'д»Ҙдәәдёәжң¬', 'FEMALE', '1990-12-01', 'zhengshi@hei.com', NULL, '13800000009', 'org_hr', 'pos_hr_dir', 'ACTIVE', 0, 'NO', NOW(), 'ADMIN', NOW(), 'ADMIN'),
       ('user_ops1', 'chenеҚҒдёҖ', '$2b$12$UQFzAxtCkfwFwgrJy0XYm.rO860SX5NIH6zOEm/4SsUdgMA9SkuVC', 'йҷҲеҚҒдёҖ', NULL, 'зЁіе®ҡеҺӢеҖ’дёҖеҲҮ', 'MALE', '1993-06-18', 'chen11@hei.com', NULL, '13800000010', 'org_ops', 'pos_ops', 'ACTIVE', 0, 'NO', NOW(), 'ADMIN', NOW(), 'ADMIN');

-- =============================================================================
-- C з«Ҝз”ЁжҲ· client_user
-- =============================================================================
INSERT INTO `client_user` (`id`, `account`, `password`, `nickname`, `avatar`, `motto`, `gender`, `birthday`, `email`, `github`, `status`, `login_count`, `is_deleted`, `created_at`, `created_by`, `updated_at`, `updated_by`)
VALUES ('cuser_1', 'test01', '$2b$12$UQFzAxtCkfwFwgrJy0XYm.rO860SX5NIH6zOEm/4SsUdgMA9SkuVC', 'жөӢиҜ•з”ЁжҲ·01', NULL, 'hello world', 'MALE', '1995-01-01', 'test01@example.com', NULL, 'ACTIVE', 0, 'NO', NOW(), 'ADMIN', NOW(), 'ADMIN'),
       ('cuser_2', 'test02', '$2b$12$UQFzAxtCkfwFwgrJy0XYm.rO860SX5NIH6zOEm/4SsUdgMA9SkuVC', 'жөӢиҜ•з”ЁжҲ·02', NULL, 'дҪ еҘҪдё–з•Ң', 'FEMALE', '1996-02-02', 'test02@example.com', NULL, 'ACTIVE', 0, 'NO', NOW(), 'ADMIN', NOW(), 'ADMIN');

-- =============================================================================
-- жЁЎеқ— sys_module
-- =============================================================================
INSERT INTO `sys_module` (`id`, `code`, `name`, `category`, `icon`, `color`, `description`, `is_visible`, `status`, `sort_code`, `is_deleted`, `created_at`, `created_by`, `updated_at`, `updated_by`)
VALUES ('mod_sys', 'sys', 'зі»з»ҹз®ЎзҗҶ', 'BACKEND_MENU', 'setting', '#1890FF', 'зі»з»ҹз®ЎзҗҶжЁЎеқ—', 'YES', 'ENABLED', 1, 'NO', NOW(), 'ADMIN', NOW(), 'ADMIN'),
       ('mod_content', 'content', 'еҶ…е®№з®ЎзҗҶ', 'BACKEND_MENU', 'file-text', '#52C41A', 'еҶ…е®№з®ЎзҗҶжЁЎеқ—', 'YES', 'ENABLED', 2, 'NO', NOW(), 'ADMIN', NOW(), 'ADMIN'),
       ('mod_dev', 'dev', 'зі»з»ҹе·Ҙе…·', 'BACKEND_MENU', 'tool', '#722ED1', 'зі»з»ҹе·Ҙе…·жЁЎеқ—', 'YES', 'ENABLED', 3, 'NO', NOW(), 'ADMIN', NOW(), 'ADMIN'),
       ('mod_monitor', 'monitor', 'зі»з»ҹзӣ‘жҺ§', 'BACKEND_MENU', 'dashboard', '#FAAD14', 'зі»з»ҹзӣ‘жҺ§жЁЎеқ—', 'YES', 'ENABLED', 4, 'NO', NOW(), 'ADMIN', NOW(), 'ADMIN'),
       ('mod_im', 'im', 'еҚіж—¶йҖҡи®Ҝ', 'BACKEND_MENU', 'message', '#FF4D4F', 'еҚіж—¶йҖҡи®ҜжЁЎеқ—', 'YES', 'ENABLED', 5, 'NO', NOW(), 'ADMIN', NOW(), 'ADMIN');

-- =============================================================================
-- иө„жәҗ sys_resourceпјҲиҸңеҚ•ж ‘пјү
-- еҲҶзұ»пјҡcategory - BACKEND_MENUпјҲеҗҺеҸ°иҸңеҚ•пјүгҖҒBACKEND_BUTTONпјҲеҗҺеҸ°жҢүй’®пјү
-- зұ»еһӢпјҡtype - DIRECTORYпјҲзӣ®еҪ•пјүгҖҒMENUпјҲиҸңеҚ•пјүгҖҒBUTTONпјҲжҢүй’®пјү
-- =============================================================================
INSERT INTO `sys_resource` (`id`, `code`, `name`, `category`, `type`, `description`, `parent_id`, `route_path`, `component_path`, `icon`, `is_visible`, `is_cache`, `is_affix`, `is_hidden`, `is_breadcrumb`, `status`, `sort_code`, `is_deleted`, `created_at`, `created_by`, `updated_at`, `updated_by`)
VALUES
-- дёҖзә§зӣ®еҪ•
('res_sys_admin', 'sys_admin', 'зі»з»ҹз®ЎзҗҶ', 'BACKEND_MENU', 'DIRECTORY', 'зі»з»ҹз®ЎзҗҶзӣ®еҪ•', NULL, '/sys', NULL, 'setting', 'YES', 'NO', 'NO', 'NO', 'YES', 'ENABLED', 1, 'NO', NOW(), 'ADMIN', NOW(), 'ADMIN'),
('res_content', 'content_mgr', 'еҶ…е®№з®ЎзҗҶ', 'BACKEND_MENU', 'DIRECTORY', 'еҶ…е®№з®ЎзҗҶзӣ®еҪ•', NULL, '/content', NULL, 'file-text', 'YES', 'NO', 'NO', 'NO', 'YES', 'ENABLED', 2, 'NO', NOW(), 'ADMIN', NOW(), 'ADMIN'),
('res_dev_tools', 'dev_tools', 'зі»з»ҹе·Ҙе…·', 'BACKEND_MENU', 'DIRECTORY', 'зі»з»ҹе·Ҙе…·зӣ®еҪ•', NULL, '/dev', NULL, 'tool', 'YES', 'NO', 'NO', 'NO', 'YES', 'ENABLED', 3, 'NO', NOW(), 'ADMIN', NOW(), 'ADMIN'),

-- зі»з»ҹз®ЎзҗҶ -> иҸңеҚ•
('res_sys_user_menu', 'sys_user', 'з”ЁжҲ·з®ЎзҗҶ', 'BACKEND_MENU', 'MENU', 'з”ЁжҲ·з®ЎзҗҶиҸңеҚ•', 'res_sys_admin', '/sys/user', 'sys/user/index', 'user', 'YES', 'NO', 'NO', 'NO', 'YES', 'ENABLED', 1, 'NO', NOW(), 'ADMIN', NOW(), 'ADMIN'),
('res_sys_role_menu', 'sys_role', 'и§’иүІз®ЎзҗҶ', 'BACKEND_MENU', 'MENU', 'и§’иүІз®ЎзҗҶиҸңеҚ•', 'res_sys_admin', '/sys/role', 'sys/role/index', 'team', 'YES', 'NO', 'NO', 'NO', 'YES', 'ENABLED', 2, 'NO', NOW(), 'ADMIN', NOW(), 'ADMIN'),
('res_sys_permission_menu', 'sys_permission', 'жқғйҷҗз®ЎзҗҶ', 'BACKEND_MENU', 'MENU', 'жқғйҷҗз®ЎзҗҶиҸңеҚ•', 'res_sys_admin', '/sys/permission', 'sys/permission/index', 'safety', 'YES', 'NO', 'NO', 'NO', 'YES', 'ENABLED', 3, 'NO', NOW(), 'ADMIN', NOW(), 'ADMIN'),
('res_sys_resource_menu', 'sys_resource_mgr', 'иө„жәҗз®ЎзҗҶ', 'BACKEND_MENU', 'MENU', 'иө„жәҗз®ЎзҗҶиҸңеҚ•', 'res_sys_admin', '/sys/resource', 'sys/resource/index', 'menu', 'YES', 'NO', 'NO', 'NO', 'YES', 'ENABLED', 4, 'NO', NOW(), 'ADMIN', NOW(), 'ADMIN'),
('res_sys_org_menu', 'sys_org', 'з»„з»Үз®ЎзҗҶ', 'BACKEND_MENU', 'MENU', 'з»„з»Үз®ЎзҗҶиҸңеҚ•', 'res_sys_admin', '/sys/org', 'sys/org/index', 'apartment', 'YES', 'NO', 'NO', 'NO', 'YES', 'ENABLED', 5, 'NO', NOW(), 'ADMIN', NOW(), 'ADMIN'),
('res_sys_position_menu', 'sys_position', 'иҒҢдҪҚз®ЎзҗҶ', 'BACKEND_MENU', 'MENU', 'иҒҢдҪҚз®ЎзҗҶиҸңеҚ•', 'res_sys_admin', '/sys/position', 'sys/position/index', 'idcard', 'YES', 'NO', 'NO', 'NO', 'YES', 'ENABLED', 6, 'NO', NOW(), 'ADMIN', NOW(), 'ADMIN'),
('res_sys_group_menu', 'sys_group', 'з”ЁжҲ·з»„з®ЎзҗҶ', 'BACKEND_MENU', 'MENU', 'з”ЁжҲ·з»„з®ЎзҗҶиҸңеҚ•', 'res_sys_admin', '/sys/group', 'sys/group/index', 'group', 'YES', 'NO', 'NO', 'NO', 'YES', 'ENABLED', 7, 'NO', NOW(), 'ADMIN', NOW(), 'ADMIN'),
('res_sys_dict_menu', 'sys_dict', 'еӯ—е…ёз®ЎзҗҶ', 'BACKEND_MENU', 'MENU', 'еӯ—е…ёз®ЎзҗҶиҸңеҚ•', 'res_sys_admin', '/sys/dict', 'sys/dict/index', 'book', 'YES', 'NO', 'NO', 'NO', 'YES', 'ENABLED', 8, 'NO', NOW(), 'ADMIN', NOW(), 'ADMIN'),
('res_sys_config_menu', 'sys_config', 'зі»з»ҹй…ҚзҪ®', 'BACKEND_MENU', 'MENU', 'зі»з»ҹй…ҚзҪ®иҸңеҚ•', 'res_sys_admin', '/sys/config', 'sys/config/index', 'setting', 'YES', 'NO', 'NO', 'NO', 'YES', 'ENABLED', 9, 'NO', NOW(), 'ADMIN', NOW(), 'ADMIN'),
('res_sys_notice_menu', 'sys_notice', 'йҖҡзҹҘз®ЎзҗҶ', 'BACKEND_MENU', 'MENU', 'йҖҡзҹҘз®ЎзҗҶиҸңеҚ•', 'res_sys_admin', '/sys/notice', 'sys/notice/index', 'notification', 'YES', 'NO', 'NO', 'NO', 'YES', 'ENABLED', 10, 'NO', NOW(), 'ADMIN', NOW(), 'ADMIN'),

-- еҶ…е®№з®ЎзҗҶ -> иҸңеҚ•
('res_sys_banner_menu', 'sys_banner', 'иҪ®ж’ӯеӣҫз®ЎзҗҶ', 'BACKEND_MENU', 'MENU', 'иҪ®ж’ӯеӣҫз®ЎзҗҶиҸңеҚ•', 'res_content', '/sys/banner', 'sys/banner/index', 'picture', 'YES', 'NO', 'NO', 'NO', 'YES', 'ENABLED', 1, 'NO', NOW(), 'ADMIN', NOW(), 'ADMIN'),
('res_sys_file_menu', 'sys_file', 'ж–Үд»¶з®ЎзҗҶ', 'BACKEND_MENU', 'MENU', 'ж–Үд»¶з®ЎзҗҶиҸңеҚ•', 'res_content', '/sys/file', 'sys/file/index', 'file', 'YES', 'NO', 'NO', 'NO', 'YES', 'ENABLED', 2, 'NO', NOW(), 'ADMIN', NOW(), 'ADMIN'),

-- зі»з»ҹе·Ҙе…· -> иҸңеҚ•
('res_sys_dev_menu', 'sys_dev', 'д»Јз Ғз”ҹжҲҗ', 'BACKEND_MENU', 'MENU', 'д»Јз Ғз”ҹжҲҗиҸңеҚ•', 'res_dev_tools', '/sys/dev', 'sys/dev/index', 'code', 'YES', 'NO', 'NO', 'NO', 'YES', 'ENABLED', 1, 'NO', NOW(), 'ADMIN', NOW(), 'ADMIN'),

-- ==================== жҢүй’®жқғйҷҗ ====================
-- з”ЁжҲ·з®ЎзҗҶжҢүй’®
('btn_sys_user_page', 'sys_user_page', 'з”ЁжҲ·жҹҘиҜў', 'BACKEND_BUTTON', 'BUTTON', 'жҹҘиҜўз”ЁжҲ·еҲ—иЎЁ', 'res_sys_user_menu', NULL, NULL, NULL, 'YES', 'NO', 'NO', 'NO', 'YES', 'ENABLED', 1, 'NO', NOW(), 'ADMIN', NOW(), 'ADMIN'),
('btn_sys_user_create', 'sys_user_create', 'з”ЁжҲ·ж–°еўһ', 'BACKEND_BUTTON', 'BUTTON', 'ж–°еўһз”ЁжҲ·', 'res_sys_user_menu', NULL, NULL, NULL, 'YES', 'NO', 'NO', 'NO', 'YES', 'ENABLED', 2, 'NO', NOW(), 'ADMIN', NOW(), 'ADMIN'),
('btn_sys_user_modify', 'sys_user_modify', 'з”ЁжҲ·дҝ®ж”№', 'BACKEND_BUTTON', 'BUTTON', 'дҝ®ж”№з”ЁжҲ·', 'res_sys_user_menu', NULL, NULL, NULL, 'YES', 'NO', 'NO', 'NO', 'YES', 'ENABLED', 3, 'NO', NOW(), 'ADMIN', NOW(), 'ADMIN'),
('btn_sys_user_remove', 'sys_user_remove', 'з”ЁжҲ·еҲ йҷӨ', 'BACKEND_BUTTON', 'BUTTON', 'еҲ йҷӨз”ЁжҲ·', 'res_sys_user_menu', NULL, NULL, NULL, 'YES', 'NO', 'NO', 'NO', 'YES', 'ENABLED', 4, 'NO', NOW(), 'ADMIN', NOW(), 'ADMIN'),
('btn_sys_user_detail', 'sys_user_detail', 'з”ЁжҲ·иҜҰжғ…', 'BACKEND_BUTTON', 'BUTTON', 'жҹҘзңӢз”ЁжҲ·иҜҰжғ…', 'res_sys_user_menu', NULL, NULL, NULL, 'YES', 'NO', 'NO', 'NO', 'YES', 'ENABLED', 5, 'NO', NOW(), 'ADMIN', NOW(), 'ADMIN'),
('btn_sys_user_export', 'sys_user_export', 'з”ЁжҲ·еҜјеҮә', 'BACKEND_BUTTON', 'BUTTON', 'еҜјеҮәз”ЁжҲ·ж•°жҚ®', 'res_sys_user_menu', NULL, NULL, NULL, 'YES', 'NO', 'NO', 'NO', 'YES', 'ENABLED', 6, 'NO', NOW(), 'ADMIN', NOW(), 'ADMIN'),
('btn_sys_user_import', 'sys_user_import', 'з”ЁжҲ·еҜје…Ҙ', 'BACKEND_BUTTON', 'BUTTON', 'еҜје…Ҙз”ЁжҲ·ж•°жҚ®', 'res_sys_user_menu', NULL, NULL, NULL, 'YES', 'NO', 'NO', 'NO', 'YES', 'ENABLED', 7, 'NO', NOW(), 'ADMIN', NOW(), 'ADMIN'),
('btn_sys_user_grant_role', 'sys_user_grant_role', 'еҲҶй…Қи§’иүІ', 'BACKEND_BUTTON', 'BUTTON', 'з»ҷз”ЁжҲ·еҲҶй…Қи§’иүІ', 'res_sys_user_menu', NULL, NULL, NULL, 'YES', 'NO', 'NO', 'NO', 'YES', 'ENABLED', 8, 'NO', NOW(), 'ADMIN', NOW(), 'ADMIN'),
('btn_sys_user_grant_group', 'sys_user_grant_group', 'еҲҶй…Қз»„', 'BACKEND_BUTTON', 'BUTTON', 'з»ҷз”ЁжҲ·еҲҶй…Қз»„', 'res_sys_user_menu', NULL, NULL, NULL, 'YES', 'NO', 'NO', 'NO', 'YES', 'ENABLED', 9, 'NO', NOW(), 'ADMIN', NOW(), 'ADMIN'),

-- и§’иүІз®ЎзҗҶжҢүй’®
('btn_sys_role_page', 'sys_role_page', 'и§’иүІжҹҘиҜў', 'BACKEND_BUTTON', 'BUTTON', 'жҹҘиҜўи§’иүІеҲ—иЎЁ', 'res_sys_role_menu', NULL, NULL, NULL, 'YES', 'NO', 'NO', 'NO', 'YES', 'ENABLED', 1, 'NO', NOW(), 'ADMIN', NOW(), 'ADMIN'),
('btn_sys_role_create', 'sys_role_create', 'и§’иүІж–°еўһ', 'BACKEND_BUTTON', 'BUTTON', 'ж–°еўһи§’иүІ', 'res_sys_role_menu', NULL, NULL, NULL, 'YES', 'NO', 'NO', 'NO', 'YES', 'ENABLED', 2, 'NO', NOW(), 'ADMIN', NOW(), 'ADMIN'),
('btn_sys_role_modify', 'sys_role_modify', 'и§’иүІдҝ®ж”№', 'BACKEND_BUTTON', 'BUTTON', 'дҝ®ж”№и§’иүІ', 'res_sys_role_menu', NULL, NULL, NULL, 'YES', 'NO', 'NO', 'NO', 'YES', 'ENABLED', 3, 'NO', NOW(), 'ADMIN', NOW(), 'ADMIN'),
('btn_sys_role_remove', 'sys_role_remove', 'и§’иүІеҲ йҷӨ', 'BACKEND_BUTTON', 'BUTTON', 'еҲ йҷӨи§’иүІ', 'res_sys_role_menu', NULL, NULL, NULL, 'YES', 'NO', 'NO', 'NO', 'YES', 'ENABLED', 4, 'NO', NOW(), 'ADMIN', NOW(), 'ADMIN'),
('btn_sys_role_detail', 'sys_role_detail', 'и§’иүІиҜҰжғ…', 'BACKEND_BUTTON', 'BUTTON', 'жҹҘзңӢи§’иүІиҜҰжғ…', 'res_sys_role_menu', NULL, NULL, NULL, 'YES', 'NO', 'NO', 'NO', 'YES', 'ENABLED', 5, 'NO', NOW(), 'ADMIN', NOW(), 'ADMIN'),
('btn_sys_role_export', 'sys_role_export', 'и§’иүІеҜјеҮә', 'BACKEND_BUTTON', 'BUTTON', 'еҜјеҮәи§’иүІж•°жҚ®', 'res_sys_role_menu', NULL, NULL, NULL, 'YES', 'NO', 'NO', 'NO', 'YES', 'ENABLED', 6, 'NO', NOW(), 'ADMIN', NOW(), 'ADMIN'),
('btn_sys_role_grant_perm', 'sys_role_grant_perm', 'еҲҶй…Қжқғйҷҗ', 'BACKEND_BUTTON', 'BUTTON', 'з»ҷи§’иүІеҲҶй…Қжқғйҷҗ', 'res_sys_role_menu', NULL, NULL, NULL, 'YES', 'NO', 'NO', 'NO', 'YES', 'ENABLED', 7, 'NO', NOW(), 'ADMIN', NOW(), 'ADMIN'),
('btn_sys_role_grant_resource', 'sys_role_grant_resource', 'еҲҶй…Қиө„жәҗ', 'BACKEND_BUTTON', 'BUTTON', 'з»ҷи§’иүІеҲҶй…Қиө„жәҗ', 'res_sys_role_menu', NULL, NULL, NULL, 'YES', 'NO', 'NO', 'NO', 'YES', 'ENABLED', 8, 'NO', NOW(), 'ADMIN', NOW(), 'ADMIN'),

-- жқғйҷҗз®ЎзҗҶжҢүй’®
('btn_sys_permission_page', 'sys_permission_page', 'жқғйҷҗжҹҘиҜў', 'BACKEND_BUTTON', 'BUTTON', 'жҹҘиҜўжқғйҷҗеҲ—иЎЁ', 'res_sys_permission_menu', NULL, NULL, NULL, 'YES', 'NO', 'NO', 'NO', 'YES', 'ENABLED', 1, 'NO', NOW(), 'ADMIN', NOW(), 'ADMIN'),
('btn_sys_permission_create', 'sys_permission_create', 'жқғйҷҗж–°еўһ', 'BACKEND_BUTTON', 'BUTTON', 'ж–°еўһжқғйҷҗ', 'res_sys_permission_menu', NULL, NULL, NULL, 'YES', 'NO', 'NO', 'NO', 'YES', 'ENABLED', 2, 'NO', NOW(), 'ADMIN', NOW(), 'ADMIN'),
('btn_sys_permission_modify', 'sys_permission_modify', 'жқғйҷҗдҝ®ж”№', 'BACKEND_BUTTON', 'BUTTON', 'дҝ®ж”№жқғйҷҗ', 'res_sys_permission_menu', NULL, NULL, NULL, 'YES', 'NO', 'NO', 'NO', 'YES', 'ENABLED', 3, 'NO', NOW(), 'ADMIN', NOW(), 'ADMIN'),
('btn_sys_permission_remove', 'sys_permission_remove', 'жқғйҷҗеҲ йҷӨ', 'BACKEND_BUTTON', 'BUTTON', 'еҲ йҷӨжқғйҷҗ', 'res_sys_permission_menu', NULL, NULL, NULL, 'YES', 'NO', 'NO', 'NO', 'YES', 'ENABLED', 4, 'NO', NOW(), 'ADMIN', NOW(), 'ADMIN'),
('btn_sys_permission_detail', 'sys_permission_detail', 'жқғйҷҗиҜҰжғ…', 'BACKEND_BUTTON', 'BUTTON', 'жҹҘзңӢжқғйҷҗиҜҰжғ…', 'res_sys_permission_menu', NULL, NULL, NULL, 'YES', 'NO', 'NO', 'NO', 'YES', 'ENABLED', 5, 'NO', NOW(), 'ADMIN', NOW(), 'ADMIN'),

-- иө„жәҗз®ЎзҗҶжҢүй’®
('btn_sys_resource_page', 'sys_resource_page', 'иө„жәҗжҹҘиҜў', 'BACKEND_BUTTON', 'BUTTON', 'жҹҘиҜўиө„жәҗеҲ—иЎЁ', 'res_sys_resource_menu', NULL, NULL, NULL, 'YES', 'NO', 'NO', 'NO', 'YES', 'ENABLED', 1, 'NO', NOW(), 'ADMIN', NOW(), 'ADMIN'),
('btn_sys_resource_create', 'sys_resource_create', 'иө„жәҗж–°еўһ', 'BACKEND_BUTTON', 'BUTTON', 'ж–°еўһиө„жәҗ', 'res_sys_resource_menu', NULL, NULL, NULL, 'YES', 'NO', 'NO', 'NO', 'YES', 'ENABLED', 2, 'NO', NOW(), 'ADMIN', NOW(), 'ADMIN'),
('btn_sys_resource_modify', 'sys_resource_modify', 'иө„жәҗдҝ®ж”№', 'BACKEND_BUTTON', 'BUTTON', 'дҝ®ж”№иө„жәҗ', 'res_sys_resource_menu', NULL, NULL, NULL, 'YES', 'NO', 'NO', 'NO', 'YES', 'ENABLED', 3, 'NO', NOW(), 'ADMIN', NOW(), 'ADMIN'),
('btn_sys_resource_remove', 'sys_resource_remove', 'иө„жәҗеҲ йҷӨ', 'BACKEND_BUTTON', 'BUTTON', 'еҲ йҷӨиө„жәҗ', 'res_sys_resource_menu', NULL, NULL, NULL, 'YES', 'NO', 'NO', 'NO', 'YES', 'ENABLED', 4, 'NO', NOW(), 'ADMIN', NOW(), 'ADMIN'),
('btn_sys_resource_detail', 'sys_resource_detail', 'иө„жәҗиҜҰжғ…', 'BACKEND_BUTTON', 'BUTTON', 'жҹҘзңӢиө„жәҗиҜҰжғ…', 'res_sys_resource_menu', NULL, NULL, NULL, 'YES', 'NO', 'NO', 'NO', 'YES', 'ENABLED', 5, 'NO', NOW(), 'ADMIN', NOW(), 'ADMIN'),

-- з»„з»Үз®ЎзҗҶжҢүй’®
('btn_sys_org_page', 'sys_org_page', 'з»„з»ҮжҹҘиҜў', 'BACKEND_BUTTON', 'BUTTON', 'жҹҘиҜўз»„з»ҮеҲ—иЎЁ', 'res_sys_org_menu', NULL, NULL, NULL, 'YES', 'NO', 'NO', 'NO', 'YES', 'ENABLED', 1, 'NO', NOW(), 'ADMIN', NOW(), 'ADMIN'),
('btn_sys_org_create', 'sys_org_create', 'з»„з»Үж–°еўһ', 'BACKEND_BUTTON', 'BUTTON', 'ж–°еўһз»„з»Ү', 'res_sys_org_menu', NULL, NULL, NULL, 'YES', 'NO', 'NO', 'NO', 'YES', 'ENABLED', 2, 'NO', NOW(), 'ADMIN', NOW(), 'ADMIN'),
('btn_sys_org_modify', 'sys_org_modify', 'з»„з»Үдҝ®ж”№', 'BACKEND_BUTTON', 'BUTTON', 'дҝ®ж”№з»„з»Ү', 'res_sys_org_menu', NULL, NULL, NULL, 'YES', 'NO', 'NO', 'NO', 'YES', 'ENABLED', 3, 'NO', NOW(), 'ADMIN', NOW(), 'ADMIN'),
('btn_sys_org_remove', 'sys_org_remove', 'з»„з»ҮеҲ йҷӨ', 'BACKEND_BUTTON', 'BUTTON', 'еҲ йҷӨз»„з»Ү', 'res_sys_org_menu', NULL, NULL, NULL, 'YES', 'NO', 'NO', 'NO', 'YES', 'ENABLED', 4, 'NO', NOW(), 'ADMIN', NOW(), 'ADMIN'),
('btn_sys_org_detail', 'sys_org_detail', 'з»„з»ҮиҜҰжғ…', 'BACKEND_BUTTON', 'BUTTON', 'жҹҘзңӢз»„з»ҮиҜҰжғ…', 'res_sys_org_menu', NULL, NULL, NULL, 'YES', 'NO', 'NO', 'NO', 'YES', 'ENABLED', 5, 'NO', NOW(), 'ADMIN', NOW(), 'ADMIN'),
('btn_sys_org_grant_role', 'sys_org_grant_role', 'еҲҶй…Қи§’иүІ', 'BACKEND_BUTTON', 'BUTTON', 'з»ҷз»„з»ҮеҲҶй…Қи§’иүІ', 'res_sys_org_menu', NULL, NULL, NULL, 'YES', 'NO', 'NO', 'NO', 'YES', 'ENABLED', 6, 'NO', NOW(), 'ADMIN', NOW(), 'ADMIN'),

-- иҒҢдҪҚз®ЎзҗҶжҢүй’®
('btn_sys_position_page', 'sys_position_page', 'иҒҢдҪҚжҹҘиҜў', 'BACKEND_BUTTON', 'BUTTON', 'жҹҘиҜўиҒҢдҪҚеҲ—иЎЁ', 'res_sys_position_menu', NULL, NULL, NULL, 'YES', 'NO', 'NO', 'NO', 'YES', 'ENABLED', 1, 'NO', NOW(), 'ADMIN', NOW(), 'ADMIN'),
('btn_sys_position_create', 'sys_position_create', 'иҒҢдҪҚж–°еўһ', 'BACKEND_BUTTON', 'BUTTON', 'ж–°еўһиҒҢдҪҚ', 'res_sys_position_menu', NULL, NULL, NULL, 'YES', 'NO', 'NO', 'NO', 'YES', 'ENABLED', 2, 'NO', NOW(), 'ADMIN', NOW(), 'ADMIN'),
('btn_sys_position_modify', 'sys_position_modify', 'иҒҢдҪҚдҝ®ж”№', 'BACKEND_BUTTON', 'BUTTON', 'дҝ®ж”№иҒҢдҪҚ', 'res_sys_position_menu', NULL, NULL, NULL, 'YES', 'NO', 'NO', 'NO', 'YES', 'ENABLED', 3, 'NO', NOW(), 'ADMIN', NOW(), 'ADMIN'),
('btn_sys_position_remove', 'sys_position_remove', 'иҒҢдҪҚеҲ йҷӨ', 'BACKEND_BUTTON', 'BUTTON', 'еҲ йҷӨиҒҢдҪҚ', 'res_sys_position_menu', NULL, NULL, NULL, 'YES', 'NO', 'NO', 'NO', 'YES', 'ENABLED', 4, 'NO', NOW(), 'ADMIN', NOW(), 'ADMIN'),
('btn_sys_position_detail', 'sys_position_detail', 'иҒҢдҪҚиҜҰжғ…', 'BACKEND_BUTTON', 'BUTTON', 'жҹҘзңӢиҒҢдҪҚиҜҰжғ…', 'res_sys_position_menu', NULL, NULL, NULL, 'YES', 'NO', 'NO', 'NO', 'YES', 'ENABLED', 5, 'NO', NOW(), 'ADMIN', NOW(), 'ADMIN'),

-- з”ЁжҲ·з»„з®ЎзҗҶжҢүй’®
('btn_sys_group_page', 'sys_group_page', 'з”ЁжҲ·з»„жҹҘиҜў', 'BACKEND_BUTTON', 'BUTTON', 'жҹҘиҜўз”ЁжҲ·з»„еҲ—иЎЁ', 'res_sys_group_menu', NULL, NULL, NULL, 'YES', 'NO', 'NO', 'NO', 'YES', 'ENABLED', 1, 'NO', NOW(), 'ADMIN', NOW(), 'ADMIN'),
('btn_sys_group_create', 'sys_group_create', 'з”ЁжҲ·з»„ж–°еўһ', 'BACKEND_BUTTON', 'BUTTON', 'ж–°еўһз”ЁжҲ·з»„', 'res_sys_group_menu', NULL, NULL, NULL, 'YES', 'NO', 'NO', 'NO', 'YES', 'ENABLED', 2, 'NO', NOW(), 'ADMIN', NOW(), 'ADMIN'),
('btn_sys_group_modify', 'sys_group_modify', 'з”ЁжҲ·з»„дҝ®ж”№', 'BACKEND_BUTTON', 'BUTTON', 'дҝ®ж”№з”ЁжҲ·з»„', 'res_sys_group_menu', NULL, NULL, NULL, 'YES', 'NO', 'NO', 'NO', 'YES', 'ENABLED', 3, 'NO', NOW(), 'ADMIN', NOW(), 'ADMIN'),
('btn_sys_group_remove', 'sys_group_remove', 'з”ЁжҲ·з»„еҲ йҷӨ', 'BACKEND_BUTTON', 'BUTTON', 'еҲ йҷӨз”ЁжҲ·з»„', 'res_sys_group_menu', NULL, NULL, NULL, 'YES', 'NO', 'NO', 'NO', 'YES', 'ENABLED', 4, 'NO', NOW(), 'ADMIN', NOW(), 'ADMIN'),
('btn_sys_group_detail', 'sys_group_detail', 'з”ЁжҲ·з»„иҜҰжғ…', 'BACKEND_BUTTON', 'BUTTON', 'жҹҘзңӢз”ЁжҲ·з»„иҜҰжғ…', 'res_sys_group_menu', NULL, NULL, NULL, 'YES', 'NO', 'NO', 'NO', 'YES', 'ENABLED', 5, 'NO', NOW(), 'ADMIN', NOW(), 'ADMIN'),
('btn_sys_group_grant_role', 'sys_group_grant_role', 'еҲҶй…Қи§’иүІ', 'BACKEND_BUTTON', 'BUTTON', 'з»ҷз”ЁжҲ·з»„еҲҶй…Қи§’иүІ', 'res_sys_group_menu', NULL, NULL, NULL, 'YES', 'NO', 'NO', 'NO', 'YES', 'ENABLED', 6, 'NO', NOW(), 'ADMIN', NOW(), 'ADMIN'),

-- еӯ—е…ёз®ЎзҗҶжҢүй’®
('btn_sys_dict_page', 'sys_dict_page', 'еӯ—е…ёжҹҘиҜў', 'BACKEND_BUTTON', 'BUTTON', 'жҹҘиҜўеӯ—е…ёеҲ—иЎЁ', 'res_sys_dict_menu', NULL, NULL, NULL, 'YES', 'NO', 'NO', 'NO', 'YES', 'ENABLED', 1, 'NO', NOW(), 'ADMIN', NOW(), 'ADMIN'),
('btn_sys_dict_create', 'sys_dict_create', 'еӯ—е…ёж–°еўһ', 'BACKEND_BUTTON', 'BUTTON', 'ж–°еўһеӯ—е…ё', 'res_sys_dict_menu', NULL, NULL, NULL, 'YES', 'NO', 'NO', 'NO', 'YES', 'ENABLED', 2, 'NO', NOW(), 'ADMIN', NOW(), 'ADMIN'),
('btn_sys_dict_modify', 'sys_dict_modify', 'еӯ—е…ёдҝ®ж”№', 'BACKEND_BUTTON', 'BUTTON', 'дҝ®ж”№еӯ—е…ё', 'res_sys_dict_menu', NULL, NULL, NULL, 'YES', 'NO', 'NO', 'NO', 'YES', 'ENABLED', 3, 'NO', NOW(), 'ADMIN', NOW(), 'ADMIN'),
('btn_sys_dict_remove', 'sys_dict_remove', 'еӯ—е…ёеҲ йҷӨ', 'BACKEND_BUTTON', 'BUTTON', 'еҲ йҷӨеӯ—е…ё', 'res_sys_dict_menu', NULL, NULL, NULL, 'YES', 'NO', 'NO', 'NO', 'YES', 'ENABLED', 4, 'NO', NOW(), 'ADMIN', NOW(), 'ADMIN'),
('btn_sys_dict_detail', 'sys_dict_detail', 'еӯ—е…ёиҜҰжғ…', 'BACKEND_BUTTON', 'BUTTON', 'жҹҘзңӢеӯ—е…ёиҜҰжғ…', 'res_sys_dict_menu', NULL, NULL, NULL, 'YES', 'NO', 'NO', 'NO', 'YES', 'ENABLED', 5, 'NO', NOW(), 'ADMIN', NOW(), 'ADMIN'),

-- зі»з»ҹй…ҚзҪ®жҢүй’®
('btn_sys_config_page', 'sys_config_page', 'й…ҚзҪ®жҹҘиҜў', 'BACKEND_BUTTON', 'BUTTON', 'жҹҘиҜўй…ҚзҪ®еҲ—иЎЁ', 'res_sys_config_menu', NULL, NULL, NULL, 'YES', 'NO', 'NO', 'NO', 'YES', 'ENABLED', 1, 'NO', NOW(), 'ADMIN', NOW(), 'ADMIN'),
('btn_sys_config_create', 'sys_config_create', 'й…ҚзҪ®ж–°еўһ', 'BACKEND_BUTTON', 'BUTTON', 'ж–°еўһй…ҚзҪ®', 'res_sys_config_menu', NULL, NULL, NULL, 'YES', 'NO', 'NO', 'NO', 'YES', 'ENABLED', 2, 'NO', NOW(), 'ADMIN', NOW(), 'ADMIN'),
('btn_sys_config_modify', 'sys_config_modify', 'й…ҚзҪ®дҝ®ж”№', 'BACKEND_BUTTON', 'BUTTON', 'дҝ®ж”№й…ҚзҪ®', 'res_sys_config_menu', NULL, NULL, NULL, 'YES', 'NO', 'NO', 'NO', 'YES', 'ENABLED', 3, 'NO', NOW(), 'ADMIN', NOW(), 'ADMIN'),
('btn_sys_config_remove', 'sys_config_remove', 'й…ҚзҪ®еҲ йҷӨ', 'BACKEND_BUTTON', 'BUTTON', 'еҲ йҷӨй…ҚзҪ®', 'res_sys_config_menu', NULL, NULL, NULL, 'YES', 'NO', 'NO', 'NO', 'YES', 'ENABLED', 4, 'NO', NOW(), 'ADMIN', NOW(), 'ADMIN'),
('btn_sys_config_detail', 'sys_config_detail', 'й…ҚзҪ®иҜҰжғ…', 'BACKEND_BUTTON', 'BUTTON', 'жҹҘзңӢй…ҚзҪ®иҜҰжғ…', 'res_sys_config_menu', NULL, NULL, NULL, 'YES', 'NO', 'NO', 'NO', 'YES', 'ENABLED', 5, 'NO', NOW(), 'ADMIN', NOW(), 'ADMIN'),

-- йҖҡзҹҘз®ЎзҗҶжҢүй’®
('btn_sys_notice_page', 'sys_notice_page', 'йҖҡзҹҘжҹҘиҜў', 'BACKEND_BUTTON', 'BUTTON', 'жҹҘиҜўйҖҡзҹҘеҲ—иЎЁ', 'res_sys_notice_menu', NULL, NULL, NULL, 'YES', 'NO', 'NO', 'NO', 'YES', 'ENABLED', 1, 'NO', NOW(), 'ADMIN', NOW(), 'ADMIN'),
('btn_sys_notice_create', 'sys_notice_create', 'йҖҡзҹҘж–°еўһ', 'BACKEND_BUTTON', 'BUTTON', 'ж–°еўһйҖҡзҹҘ', 'res_sys_notice_menu', NULL, NULL, NULL, 'YES', 'NO', 'NO', 'NO', 'YES', 'ENABLED', 2, 'NO', NOW(), 'ADMIN', NOW(), 'ADMIN'),
('btn_sys_notice_modify', 'sys_notice_modify', 'йҖҡзҹҘдҝ®ж”№', 'BACKEND_BUTTON', 'BUTTON', 'дҝ®ж”№йҖҡзҹҘ', 'res_sys_notice_menu', NULL, NULL, NULL, 'YES', 'NO', 'NO', 'NO', 'YES', 'ENABLED', 3, 'NO', NOW(), 'ADMIN', NOW(), 'ADMIN'),
('btn_sys_notice_remove', 'sys_notice_remove', 'йҖҡзҹҘеҲ йҷӨ', 'BACKEND_BUTTON', 'BUTTON', 'еҲ йҷӨйҖҡзҹҘ', 'res_sys_notice_menu', NULL, NULL, NULL, 'YES', 'NO', 'NO', 'NO', 'YES', 'ENABLED', 4, 'NO', NOW(), 'ADMIN', NOW(), 'ADMIN'),
('btn_sys_notice_detail', 'sys_notice_detail', 'йҖҡзҹҘиҜҰжғ…', 'BACKEND_BUTTON', 'BUTTON', 'жҹҘзңӢйҖҡзҹҘиҜҰжғ…', 'res_sys_notice_menu', NULL, NULL, NULL, 'YES', 'NO', 'NO', 'NO', 'YES', 'ENABLED', 5, 'NO', NOW(), 'ADMIN', NOW(), 'ADMIN'),

-- иҪ®ж’ӯеӣҫз®ЎзҗҶжҢүй’®
('btn_sys_banner_page', 'sys_banner_page', 'иҪ®ж’ӯжҹҘиҜў', 'BACKEND_BUTTON', 'BUTTON', 'жҹҘиҜўиҪ®ж’ӯеӣҫеҲ—иЎЁ', 'res_sys_banner_menu', NULL, NULL, NULL, 'YES', 'NO', 'NO', 'NO', 'YES', 'ENABLED', 1, 'NO', NOW(), 'ADMIN', NOW(), 'ADMIN'),
('btn_sys_banner_create', 'sys_banner_create', 'иҪ®ж’ӯж–°еўһ', 'BACKEND_BUTTON', 'BUTTON', 'ж–°еўһиҪ®ж’ӯеӣҫ', 'res_sys_banner_menu', NULL, NULL, NULL, 'YES', 'NO', 'NO', 'NO', 'YES', 'ENABLED', 2, 'NO', NOW(), 'ADMIN', NOW(), 'ADMIN'),
('btn_sys_banner_modify', 'sys_banner_modify', 'иҪ®ж’ӯдҝ®ж”№', 'BACKEND_BUTTON', 'BUTTON', 'дҝ®ж”№иҪ®ж’ӯеӣҫ', 'res_sys_banner_menu', NULL, NULL, NULL, 'YES', 'NO', 'NO', 'NO', 'YES', 'ENABLED', 3, 'NO', NOW(), 'ADMIN', NOW(), 'ADMIN'),
('btn_sys_banner_remove', 'sys_banner_remove', 'иҪ®ж’ӯеҲ йҷӨ', 'BACKEND_BUTTON', 'BUTTON', 'еҲ йҷӨиҪ®ж’ӯеӣҫ', 'res_sys_banner_menu', NULL, NULL, NULL, 'YES', 'NO', 'NO', 'NO', 'YES', 'ENABLED', 4, 'NO', NOW(), 'ADMIN', NOW(), 'ADMIN'),
('btn_sys_banner_detail', 'sys_banner_detail', 'иҪ®ж’ӯиҜҰжғ…', 'BACKEND_BUTTON', 'BUTTON', 'жҹҘзңӢиҪ®ж’ӯеӣҫиҜҰжғ…', 'res_sys_banner_menu', NULL, NULL, NULL, 'YES', 'NO', 'NO', 'NO', 'YES', 'ENABLED', 5, 'NO', NOW(), 'ADMIN', NOW(), 'ADMIN'),

-- ж–Үд»¶з®ЎзҗҶжҢүй’®
('btn_sys_file_upload', 'sys_file_upload', 'ж–Үд»¶дёҠдј ', 'BACKEND_BUTTON', 'BUTTON', 'дёҠдј ж–Үд»¶', 'res_sys_file_menu', NULL, NULL, NULL, 'YES', 'NO', 'NO', 'NO', 'YES', 'ENABLED', 1, 'NO', NOW(), 'ADMIN', NOW(), 'ADMIN'),
('btn_sys_file_download', 'sys_file_download', 'ж–Үд»¶дёӢиҪҪ', 'BACKEND_BUTTON', 'BUTTON', 'дёӢиҪҪж–Үд»¶', 'res_sys_file_menu', NULL, NULL, NULL, 'YES', 'NO', 'NO', 'NO', 'YES', 'ENABLED', 2, 'NO', NOW(), 'ADMIN', NOW(), 'ADMIN'),
('btn_sys_file_page', 'sys_file_page', 'ж–Үд»¶жҹҘиҜў', 'BACKEND_BUTTON', 'BUTTON', 'жҹҘиҜўж–Үд»¶еҲ—иЎЁ', 'res_sys_file_menu', NULL, NULL, NULL, 'YES', 'NO', 'NO', 'NO', 'YES', 'ENABLED', 3, 'NO', NOW(), 'ADMIN', NOW(), 'ADMIN'),
('btn_sys_file_remove', 'sys_file_remove', 'ж–Үд»¶еҲ йҷӨ', 'BACKEND_BUTTON', 'BUTTON', 'еҲ йҷӨж–Үд»¶', 'res_sys_file_menu', NULL, NULL, NULL, 'YES', 'NO', 'NO', 'NO', 'YES', 'ENABLED', 4, 'NO', NOW(), 'ADMIN', NOW(), 'ADMIN');

-- =============================================================================
-- жқғйҷҗ sys_permissionпјҲдёҺ @HeiCheckPermission жіЁи§ЈдёҖдёҖеҜ№еә”пјү
-- =============================================================================
INSERT INTO `sys_permission` (`id`, `code`, `name`, `module`, `category`, `status`, `sort_code`, `is_deleted`, `created_at`, `created_by`, `updated_at`, `updated_by`)
VALUES
-- з”ЁжҲ·з®ЎзҗҶ
('p_sys_user_page', 'sys:user:page', 'з”ЁжҲ·еҲҶйЎөжҹҘиҜў', 'sys/user', 'BACKEND', 'ENABLED', 1, 'NO', NOW(), 'ADMIN', NOW(), 'ADMIN'),
('p_sys_user_create', 'sys:user:create', 'з”ЁжҲ·ж–°еўһ', 'sys/user', 'BACKEND', 'ENABLED', 2, 'NO', NOW(), 'ADMIN', NOW(), 'ADMIN'),
('p_sys_user_modify', 'sys:user:modify', 'з”ЁжҲ·дҝ®ж”№', 'sys/user', 'BACKEND', 'ENABLED', 3, 'NO', NOW(), 'ADMIN', NOW(), 'ADMIN'),
('p_sys_user_remove', 'sys:user:remove', 'з”ЁжҲ·еҲ йҷӨ', 'sys/user', 'BACKEND', 'ENABLED', 4, 'NO', NOW(), 'ADMIN', NOW(), 'ADMIN'),
('p_sys_user_detail', 'sys:user:detail', 'з”ЁжҲ·иҜҰжғ…', 'sys/user', 'BACKEND', 'ENABLED', 5, 'NO', NOW(), 'ADMIN', NOW(), 'ADMIN'),
('p_sys_user_export', 'sys:user:export', 'з”ЁжҲ·еҜјеҮә', 'sys/user', 'BACKEND', 'ENABLED', 6, 'NO', NOW(), 'ADMIN', NOW(), 'ADMIN'),
('p_sys_user_import', 'sys:user:import', 'з”ЁжҲ·еҜје…Ҙ', 'sys/user', 'BACKEND', 'ENABLED', 7, 'NO', NOW(), 'ADMIN', NOW(), 'ADMIN'),
('p_sys_user_grant_role', 'sys:user:grant-role', 'з”ЁжҲ·еҲҶй…Қи§’иүІ', 'sys/user', 'BACKEND', 'ENABLED', 8, 'NO', NOW(), 'ADMIN', NOW(), 'ADMIN'),
('p_sys_user_grant_group', 'sys:user:grant-group', 'з”ЁжҲ·еҲҶй…Қз»„', 'sys/user', 'BACKEND', 'ENABLED', 9, 'NO', NOW(), 'ADMIN', NOW(), 'ADMIN'),
('p_sys_user_own_roles', 'sys:user:own-roles', 'з”ЁжҲ·жӢҘжңүи§’иүІ', 'sys/user', 'BACKEND', 'ENABLED', 10, 'NO', NOW(), 'ADMIN', NOW(), 'ADMIN'),
('p_sys_user_own_groups', 'sys:user:own-groups', 'з”ЁжҲ·жӢҘжңүз»„', 'sys/user', 'BACKEND', 'ENABLED', 11, 'NO', NOW(), 'ADMIN', NOW(), 'ADMIN'),

-- и§’иүІз®ЎзҗҶ
('p_sys_role_page', 'sys:role:page', 'и§’иүІеҲҶйЎөжҹҘиҜў', 'sys/role', 'BACKEND', 'ENABLED', 12, 'NO', NOW(), 'ADMIN', NOW(), 'ADMIN'),
('p_sys_role_create', 'sys:role:create', 'и§’иүІж–°еўһ', 'sys/role', 'BACKEND', 'ENABLED', 13, 'NO', NOW(), 'ADMIN', NOW(), 'ADMIN'),
('p_sys_role_modify', 'sys:role:modify', 'и§’иүІдҝ®ж”№', 'sys/role', 'BACKEND', 'ENABLED', 14, 'NO', NOW(), 'ADMIN', NOW(), 'ADMIN'),
('p_sys_role_remove', 'sys:role:remove', 'и§’иүІеҲ йҷӨ', 'sys/role', 'BACKEND', 'ENABLED', 15, 'NO', NOW(), 'ADMIN', NOW(), 'ADMIN'),
('p_sys_role_detail', 'sys:role:detail', 'и§’иүІиҜҰжғ…', 'sys/role', 'BACKEND', 'ENABLED', 16, 'NO', NOW(), 'ADMIN', NOW(), 'ADMIN'),
('p_sys_role_export', 'sys:role:export', 'и§’иүІеҜјеҮә', 'sys/role', 'BACKEND', 'ENABLED', 17, 'NO', NOW(), 'ADMIN', NOW(), 'ADMIN'),
('p_sys_role_grant_perm', 'sys:role:grantPermission', 'и§’иүІеҲҶй…Қжқғйҷҗ', 'sys/role', 'BACKEND', 'ENABLED', 18, 'NO', NOW(), 'ADMIN', NOW(), 'ADMIN'),
('p_sys_role_grant_resource', 'sys:role:grantResource', 'и§’иүІеҲҶй…Қиө„жәҗ', 'sys/role', 'BACKEND', 'ENABLED', 19, 'NO', NOW(), 'ADMIN', NOW(), 'ADMIN'),
('p_sys_role_own_perm', 'sys:role:ownPermission', 'и§’иүІжӢҘжңүзҡ„жқғйҷҗ', 'sys/role', 'BACKEND', 'ENABLED', 20, 'NO', NOW(), 'ADMIN', NOW(), 'ADMIN'),
('p_sys_role_own_resource', 'sys:role:ownResource', 'и§’иүІжӢҘжңүзҡ„иө„жәҗ', 'sys/role', 'BACKEND', 'ENABLED', 21, 'NO', NOW(), 'ADMIN', NOW(), 'ADMIN'),

-- жқғйҷҗз®ЎзҗҶ
('p_sys_permission_page', 'sys:permission:page', 'жқғйҷҗеҲҶйЎөжҹҘиҜў', 'sys/permission', 'BACKEND', 'ENABLED', 22, 'NO', NOW(), 'ADMIN', NOW(), 'ADMIN'),
('p_sys_permission_create', 'sys:permission:create', 'жқғйҷҗж–°еўһ', 'sys/permission', 'BACKEND', 'ENABLED', 23, 'NO', NOW(), 'ADMIN', NOW(), 'ADMIN'),
('p_sys_permission_modify', 'sys:permission:modify', 'жқғйҷҗдҝ®ж”№', 'sys/permission', 'BACKEND', 'ENABLED', 24, 'NO', NOW(), 'ADMIN', NOW(), 'ADMIN'),
('p_sys_permission_remove', 'sys:permission:remove', 'жқғйҷҗеҲ йҷӨ', 'sys/permission', 'BACKEND', 'ENABLED', 25, 'NO', NOW(), 'ADMIN', NOW(), 'ADMIN'),
('p_sys_permission_detail', 'sys:permission:detail', 'жқғйҷҗиҜҰжғ…', 'sys/permission', 'BACKEND', 'ENABLED', 26, 'NO', NOW(), 'ADMIN', NOW(), 'ADMIN'),
('p_sys_permission_export', 'sys:permission:export', 'жқғйҷҗеҜјеҮә', 'sys/permission', 'BACKEND', 'ENABLED', 27, 'NO', NOW(), 'ADMIN', NOW(), 'ADMIN'),
('p_sys_permission_modules', 'sys:permission:modules', 'жқғйҷҗжЁЎеқ—еҲ—иЎЁ', 'sys/permission', 'BACKEND', 'ENABLED', 28, 'NO', NOW(), 'ADMIN', NOW(), 'ADMIN'),
('p_sys_permission_by_module', 'sys:permission:by-module', 'жҢүжЁЎеқ—жҹҘжқғйҷҗ', 'sys/permission', 'BACKEND', 'ENABLED', 29, 'NO', NOW(), 'ADMIN', NOW(), 'ADMIN'),

-- иө„жәҗз®ЎзҗҶ
('p_sys_resource_page', 'sys:resource:page', 'иө„жәҗеҲҶйЎөжҹҘиҜў', 'sys/resource', 'BACKEND', 'ENABLED', 30, 'NO', NOW(), 'ADMIN', NOW(), 'ADMIN'),
('p_sys_resource_tree', 'sys:resource:tree', 'иө„жәҗеҲҶйЎөжҹҘиҜў', 'sys/resource', 'BACKEND', 'ENABLED', 30, 'NO', NOW(), 'ADMIN', NOW(), 'ADMIN'),
('p_sys_resource_create', 'sys:resource:create', 'иө„жәҗж–°еўһ', 'sys/resource', 'BACKEND', 'ENABLED', 31, 'NO', NOW(), 'ADMIN', NOW(), 'ADMIN'),
('p_sys_resource_modify', 'sys:resource:modify', 'иө„жәҗдҝ®ж”№', 'sys/resource', 'BACKEND', 'ENABLED', 32, 'NO', NOW(), 'ADMIN', NOW(), 'ADMIN'),
('p_sys_resource_remove', 'sys:resource:remove', 'иө„жәҗеҲ йҷӨ', 'sys/resource', 'BACKEND', 'ENABLED', 33, 'NO', NOW(), 'ADMIN', NOW(), 'ADMIN'),
('p_sys_resource_detail', 'sys:resource:detail', 'иө„жәҗиҜҰжғ…', 'sys/resource', 'BACKEND', 'ENABLED', 34, 'NO', NOW(), 'ADMIN', NOW(), 'ADMIN'),
('p_sys_resource_export', 'sys:resource:export', 'иө„жәҗеҜјеҮә', 'sys/resource', 'BACKEND', 'ENABLED', 35, 'NO', NOW(), 'ADMIN', NOW(), 'ADMIN'),

-- з»„з»Үз®ЎзҗҶ
('p_sys_org_page', 'sys:org:page', 'з»„з»ҮеҲҶйЎөжҹҘиҜў', 'sys/org', 'BACKEND', 'ENABLED', 36, 'NO', NOW(), 'ADMIN', NOW(), 'ADMIN'),
('p_sys_org_tree', 'sys:org:tree', 'з»„з»Үж ‘жҹҘиҜў', 'sys/org', 'BACKEND', 'ENABLED', 36, 'NO', NOW(), 'ADMIN', NOW(), 'ADMIN'),
('p_sys_org_create', 'sys:org:create', 'з»„з»Үж–°еўһ', 'sys/org', 'BACKEND', 'ENABLED', 37, 'NO', NOW(), 'ADMIN', NOW(), 'ADMIN'),
('p_sys_org_modify', 'sys:org:modify', 'з»„з»Үдҝ®ж”№', 'sys/org', 'BACKEND', 'ENABLED', 38, 'NO', NOW(), 'ADMIN', NOW(), 'ADMIN'),
('p_sys_org_remove', 'sys:org:remove', 'з»„з»ҮеҲ йҷӨ', 'sys/org', 'BACKEND', 'ENABLED', 39, 'NO', NOW(), 'ADMIN', NOW(), 'ADMIN'),
('p_sys_org_detail', 'sys:org:detail', 'з»„з»ҮиҜҰжғ…', 'sys/org', 'BACKEND', 'ENABLED', 40, 'NO', NOW(), 'ADMIN', NOW(), 'ADMIN'),
('p_sys_org_export', 'sys:org:export', 'з»„з»ҮеҜјеҮә', 'sys/org', 'BACKEND', 'ENABLED', 41, 'NO', NOW(), 'ADMIN', NOW(), 'ADMIN'),
('p_sys_org_grant_role', 'sys:org:grant-role', 'з»„з»ҮеҲҶй…Қи§’иүІ', 'sys/org', 'BACKEND', 'ENABLED', 42, 'NO', NOW(), 'ADMIN', NOW(), 'ADMIN'),
('p_sys_org_own_roles', 'sys:org:own-roles', 'з»„з»ҮжӢҘжңүи§’иүІ', 'sys/org', 'BACKEND', 'ENABLED', 43, 'NO', NOW(), 'ADMIN', NOW(), 'ADMIN'),

-- иҒҢдҪҚз®ЎзҗҶ
('p_sys_position_page', 'sys:position:page', 'иҒҢдҪҚеҲҶйЎөжҹҘиҜў', 'sys/position', 'BACKEND', 'ENABLED', 44, 'NO', NOW(), 'ADMIN', NOW(), 'ADMIN'),
('p_sys_position_create', 'sys:position:create', 'иҒҢдҪҚж–°еўһ', 'sys/position', 'BACKEND', 'ENABLED', 45, 'NO', NOW(), 'ADMIN', NOW(), 'ADMIN'),
('p_sys_position_modify', 'sys:position:modify', 'иҒҢдҪҚдҝ®ж”№', 'sys/position', 'BACKEND', 'ENABLED', 46, 'NO', NOW(), 'ADMIN', NOW(), 'ADMIN'),
('p_sys_position_remove', 'sys:position:remove', 'иҒҢдҪҚеҲ йҷӨ', 'sys/position', 'BACKEND', 'ENABLED', 47, 'NO', NOW(), 'ADMIN', NOW(), 'ADMIN'),
('p_sys_position_detail', 'sys:position:detail', 'иҒҢдҪҚиҜҰжғ…', 'sys/position', 'BACKEND', 'ENABLED', 48, 'NO', NOW(), 'ADMIN', NOW(), 'ADMIN'),
('p_sys_position_export', 'sys:position:export', 'иҒҢдҪҚеҜјеҮә', 'sys/position', 'BACKEND', 'ENABLED', 49, 'NO', NOW(), 'ADMIN', NOW(), 'ADMIN'),

-- з”ЁжҲ·з»„з®ЎзҗҶ
('p_sys_group_page', 'sys:group:page', 'з”ЁжҲ·з»„еҲҶйЎөжҹҘиҜў', 'sys/group', 'BACKEND', 'ENABLED', 50, 'NO', NOW(), 'ADMIN', NOW(), 'ADMIN'),
('p_sys_group_tree', 'sys:group:tree', 'з”ЁжҲ·з»„ж ‘жҹҘиҜў', 'sys/group', 'BACKEND', 'ENABLED', 50, 'NO', NOW(), 'ADMIN', NOW(), 'ADMIN'),
('p_sys_group_create', 'sys:group:create', 'з”ЁжҲ·з»„ж–°еўһ', 'sys/group', 'BACKEND', 'ENABLED', 51, 'NO', NOW(), 'ADMIN', NOW(), 'ADMIN'),
('p_sys_group_modify', 'sys:group:modify', 'з”ЁжҲ·з»„дҝ®ж”№', 'sys/group', 'BACKEND', 'ENABLED', 52, 'NO', NOW(), 'ADMIN', NOW(), 'ADMIN'),
('p_sys_group_remove', 'sys:group:remove', 'з”ЁжҲ·з»„еҲ йҷӨ', 'sys/group', 'BACKEND', 'ENABLED', 53, 'NO', NOW(), 'ADMIN', NOW(), 'ADMIN'),
('p_sys_group_detail', 'sys:group:detail', 'з”ЁжҲ·з»„иҜҰжғ…', 'sys/group', 'BACKEND', 'ENABLED', 54, 'NO', NOW(), 'ADMIN', NOW(), 'ADMIN'),
('p_sys_group_export', 'sys:group:export', 'з”ЁжҲ·з»„еҜјеҮә', 'sys/group', 'BACKEND', 'ENABLED', 55, 'NO', NOW(), 'ADMIN', NOW(), 'ADMIN'),
-- ('p_sys_group_grant_role', 'sys:group:grant-role', 'з”ЁжҲ·з»„еҲҶй…Қи§’иүІ', 'sys/group', 'BACKEND', 'ENABLED', 56, 'NO', NOW(), 'ADMIN', NOW(), 'ADMIN'),
-- ('p_sys_group_own_roles', 'sys:group:own-roles', 'з”ЁжҲ·з»„жӢҘжңүи§’иүІ', 'sys/group', 'BACKEND', 'ENABLED', 57, 'NO', NOW(), 'ADMIN', NOW(), 'ADMIN'),

-- еӯ—е…ёз®ЎзҗҶ
('p_sys_dict_page', 'sys:dict:page', 'еӯ—е…ёеҲҶйЎөжҹҘиҜў', 'sys/dict', 'BACKEND', 'ENABLED', 58, 'NO', NOW(), 'ADMIN', NOW(), 'ADMIN'),
('p_sys_dict_list', 'sys:dict:list', 'еӯ—е…ёеҲ—иЎЁ', 'sys/dict', 'BACKEND', 'ENABLED', 59, 'NO', NOW(), 'ADMIN', NOW(), 'ADMIN'),
('p_sys_dict_tree', 'sys:dict:tree', 'еӯ—е…ёж ‘жҹҘиҜў', 'sys/dict', 'BACKEND', 'ENABLED', 60, 'NO', NOW(), 'ADMIN', NOW(), 'ADMIN'),
('p_sys_dict_create', 'sys:dict:create', 'еӯ—е…ёж–°еўһ', 'sys/dict', 'BACKEND', 'ENABLED', 61, 'NO', NOW(), 'ADMIN', NOW(), 'ADMIN'),
('p_sys_dict_modify', 'sys:dict:modify', 'еӯ—е…ёдҝ®ж”№', 'sys/dict', 'BACKEND', 'ENABLED', 62, 'NO', NOW(), 'ADMIN', NOW(), 'ADMIN'),
('p_sys_dict_remove', 'sys:dict:remove', 'еӯ—е…ёеҲ йҷӨ', 'sys/dict', 'BACKEND', 'ENABLED', 63, 'NO', NOW(), 'ADMIN', NOW(), 'ADMIN'),
('p_sys_dict_detail', 'sys:dict:detail', 'еӯ—е…ёиҜҰжғ…', 'sys/dict', 'BACKEND', 'ENABLED', 64, 'NO', NOW(), 'ADMIN', NOW(), 'ADMIN'),
('p_sys_dict_get_label', 'sys:dict:get-label', 'еӯ—е…ёж ҮзӯҫжҹҘиҜў', 'sys/dict', 'BACKEND', 'ENABLED', 65, 'NO', NOW(), 'ADMIN', NOW(), 'ADMIN'),
('p_sys_dict_get_children', 'sys:dict:get-children', 'еӯ—е…ёеӯҗйЎ№жҹҘиҜў', 'sys/dict', 'BACKEND', 'ENABLED', 66, 'NO', NOW(), 'ADMIN', NOW(), 'ADMIN'),
('p_sys_dict_export', 'sys:dict:export', 'еӯ—е…ёеҜјеҮә', 'sys/dict', 'BACKEND', 'ENABLED', 67, 'NO', NOW(), 'ADMIN', NOW(), 'ADMIN'),

-- зі»з»ҹй…ҚзҪ®
('p_sys_config_page', 'sys:config:page', 'й…ҚзҪ®еҲҶйЎөжҹҘиҜў', 'sys/config', 'BACKEND', 'ENABLED', 68, 'NO', NOW(), 'ADMIN', NOW(), 'ADMIN'),
('p_sys_config_list', 'sys:config:list', 'й…ҚзҪ®еҲ—иЎЁ', 'sys/config', 'BACKEND', 'ENABLED', 69, 'NO', NOW(), 'ADMIN', NOW(), 'ADMIN'),
('p_sys_config_create', 'sys:config:create', 'й…ҚзҪ®ж–°еўһ', 'sys/config', 'BACKEND', 'ENABLED', 70, 'NO', NOW(), 'ADMIN', NOW(), 'ADMIN'),
('p_sys_config_modify', 'sys:config:modify', 'й…ҚзҪ®дҝ®ж”№', 'sys/config', 'BACKEND', 'ENABLED', 71, 'NO', NOW(), 'ADMIN', NOW(), 'ADMIN'),
('p_sys_config_remove', 'sys:config:remove', 'й…ҚзҪ®еҲ йҷӨ', 'sys/config', 'BACKEND', 'ENABLED', 72, 'NO', NOW(), 'ADMIN', NOW(), 'ADMIN'),
('p_sys_config_detail', 'sys:config:detail', 'й…ҚзҪ®иҜҰжғ…', 'sys/config', 'BACKEND', 'ENABLED', 73, 'NO', NOW(), 'ADMIN', NOW(), 'ADMIN'),
('p_sys_config_edit', 'sys:config:edit', 'й…ҚзҪ®зј–иҫ‘', 'sys/config', 'BACKEND', 'ENABLED', 74, 'NO', NOW(), 'ADMIN', NOW(), 'ADMIN'),

-- йҖҡзҹҘз®ЎзҗҶ
('p_sys_notice_page', 'sys:notice:page', 'йҖҡзҹҘеҲҶйЎөжҹҘиҜў', 'sys/notice', 'BACKEND', 'ENABLED', 75, 'NO', NOW(), 'ADMIN', NOW(), 'ADMIN'),
('p_sys_notice_create', 'sys:notice:create', 'йҖҡзҹҘж–°еўһ', 'sys/notice', 'BACKEND', 'ENABLED', 76, 'NO', NOW(), 'ADMIN', NOW(), 'ADMIN'),
('p_sys_notice_modify', 'sys:notice:modify', 'йҖҡзҹҘдҝ®ж”№', 'sys/notice', 'BACKEND', 'ENABLED', 77, 'NO', NOW(), 'ADMIN', NOW(), 'ADMIN'),
('p_sys_notice_remove', 'sys:notice:remove', 'йҖҡзҹҘеҲ йҷӨ', 'sys/notice', 'BACKEND', 'ENABLED', 78, 'NO', NOW(), 'ADMIN', NOW(), 'ADMIN'),
('p_sys_notice_detail', 'sys:notice:detail', 'йҖҡзҹҘиҜҰжғ…', 'sys/notice', 'BACKEND', 'ENABLED', 79, 'NO', NOW(), 'ADMIN', NOW(), 'ADMIN'),
('p_sys_notice_export', 'sys:notice:export', 'йҖҡзҹҘеҜјеҮә', 'sys/notice', 'BACKEND', 'ENABLED', 80, 'NO', NOW(), 'ADMIN', NOW(), 'ADMIN'),

-- иҪ®ж’ӯеӣҫз®ЎзҗҶ
('p_sys_banner_page', 'sys:banner:page', 'иҪ®ж’ӯеҲҶйЎөжҹҘиҜў', 'sys/banner', 'BACKEND', 'ENABLED', 81, 'NO', NOW(), 'ADMIN', NOW(), 'ADMIN'),
('p_sys_banner_create', 'sys:banner:create', 'иҪ®ж’ӯж–°еўһ', 'sys/banner', 'BACKEND', 'ENABLED', 82, 'NO', NOW(), 'ADMIN', NOW(), 'ADMIN'),
('p_sys_banner_modify', 'sys:banner:modify', 'иҪ®ж’ӯдҝ®ж”№', 'sys/banner', 'BACKEND', 'ENABLED', 83, 'NO', NOW(), 'ADMIN', NOW(), 'ADMIN'),
('p_sys_banner_remove', 'sys:banner:remove', 'иҪ®ж’ӯеҲ йҷӨ', 'sys/banner', 'BACKEND', 'ENABLED', 84, 'NO', NOW(), 'ADMIN', NOW(), 'ADMIN'),
('p_sys_banner_detail', 'sys:banner:detail', 'иҪ®ж’ӯиҜҰжғ…', 'sys/banner', 'BACKEND', 'ENABLED', 85, 'NO', NOW(), 'ADMIN', NOW(), 'ADMIN'),
('p_sys_banner_export', 'sys:banner:export', 'иҪ®ж’ӯеҜјеҮә', 'sys/banner', 'BACKEND', 'ENABLED', 86, 'NO', NOW(), 'ADMIN', NOW(), 'ADMIN'),

-- ж–Үд»¶з®ЎзҗҶ
('p_sys_file_upload', 'sys:file:upload', 'ж–Үд»¶дёҠдј ', 'sys/file', 'BACKEND', 'ENABLED', 87, 'NO', NOW(), 'ADMIN', NOW(), 'ADMIN'),
('p_sys_file_download', 'sys:file:download', 'ж–Үд»¶дёӢиҪҪ', 'sys/file', 'BACKEND', 'ENABLED', 88, 'NO', NOW(), 'ADMIN', NOW(), 'ADMIN'),
('p_sys_file_page', 'sys:file:page', 'ж–Үд»¶еҲҶйЎөжҹҘиҜў', 'sys/file', 'BACKEND', 'ENABLED', 89, 'NO', NOW(), 'ADMIN', NOW(), 'ADMIN'),
('p_sys_file_detail', 'sys:file:detail', 'ж–Үд»¶иҜҰжғ…', 'sys/file', 'BACKEND', 'ENABLED', 90, 'NO', NOW(), 'ADMIN', NOW(), 'ADMIN'),
('p_sys_file_remove', 'sys:file:remove', 'ж–Үд»¶еҲ йҷӨ', 'sys/file', 'BACKEND', 'ENABLED', 91, 'NO', NOW(), 'ADMIN', NOW(), 'ADMIN'),

-- д»Јз Ғз”ҹжҲҗ
('p_sys_dev_gen_basic_page', 'sys:dev:gen-basic-page', 'з”ҹжҲҗеҹәзЎҖеҲҶйЎө', 'sys/dev', 'BACKEND', 'ENABLED', 92, 'NO', NOW(), 'ADMIN', NOW(), 'ADMIN'),
('p_sys_dev_gen_basic_create', 'sys:dev:gen-basic-create', 'з”ҹжҲҗеҹәзЎҖж–°еўһ', 'sys/dev', 'BACKEND', 'ENABLED', 93, 'NO', NOW(), 'ADMIN', NOW(), 'ADMIN'),
('p_sys_dev_gen_basic_modify', 'sys:dev:gen-basic-modify', 'з”ҹжҲҗеҹәзЎҖдҝ®ж”№', 'sys/dev', 'BACKEND', 'ENABLED', 94, 'NO', NOW(), 'ADMIN', NOW(), 'ADMIN'),
('p_sys_dev_gen_basic_delete', 'sys:dev:gen-basic-delete', 'з”ҹжҲҗеҹәзЎҖеҲ йҷӨ', 'sys/dev', 'BACKEND', 'ENABLED', 95, 'NO', NOW(), 'ADMIN', NOW(), 'ADMIN'),
('p_sys_dev_gen_basic_detail', 'sys:dev:gen-basic-detail', 'з”ҹжҲҗеҹәзЎҖиҜҰжғ…', 'sys/dev', 'BACKEND', 'ENABLED', 96, 'NO', NOW(), 'ADMIN', NOW(), 'ADMIN'),
('p_sys_dev_gen_config_list', 'sys:dev:gen-config-list', 'з”ҹжҲҗй…ҚзҪ®еҲ—иЎЁ', 'sys/dev', 'BACKEND', 'ENABLED', 97, 'NO', NOW(), 'ADMIN', NOW(), 'ADMIN'),
('p_sys_dev_gen_config_modify', 'sys:dev:gen-config-modify', 'з”ҹжҲҗй…ҚзҪ®дҝ®ж”№', 'sys/dev', 'BACKEND', 'ENABLED', 98, 'NO', NOW(), 'ADMIN', NOW(), 'ADMIN'),
('p_sys_dev_gen_config_detail', 'sys:dev:gen-config-detail', 'з”ҹжҲҗй…ҚзҪ®иҜҰжғ…', 'sys/dev', 'BACKEND', 'ENABLED', 99, 'NO', NOW(), 'ADMIN', NOW(), 'ADMIN'),
('p_dev_cfg_mod_batch', 'sys:dev:gen-config-modify-batch', 'з”ҹжҲҗй…ҚзҪ®жү№йҮҸдҝ®ж”№', 'sys/dev', 'BACKEND', 'ENABLED', 100, 'NO', NOW(), 'ADMIN', NOW(), 'ADMIN'),
('p_sys_dev_generate', 'sys:dev:gen-basic-exec-gen-pro', 'д»Јз Ғз”ҹжҲҗжү§иЎҢ', 'sys/dev', 'BACKEND', 'ENABLED', 101, 'NO', NOW(), 'ADMIN', NOW(), 'ADMIN'),
('p_sys_dev_preview', 'sys:dev:gen-basic-preview-gen', 'д»Јз Ғз”ҹжҲҗйў„и§Ҳ', 'sys/dev', 'BACKEND', 'ENABLED', 102, 'NO', NOW(), 'ADMIN', NOW(), 'ADMIN'),

-- жЁЎеқ—з®ЎзҗҶ
('p_sys_module_page', 'sys:module:page', 'жЁЎеқ—еҲҶйЎөжҹҘиҜў', 'sys/module', 'BACKEND', 'ENABLED', 103, 'NO', NOW(), 'ADMIN', NOW(), 'ADMIN'),
('p_sys_module_create', 'sys:module:create', 'жЁЎеқ—ж–°еўһ', 'sys/module', 'BACKEND', 'ENABLED', 104, 'NO', NOW(), 'ADMIN', NOW(), 'ADMIN'),
('p_sys_module_modify', 'sys:module:modify', 'жЁЎеқ—дҝ®ж”№', 'sys/module', 'BACKEND', 'ENABLED', 105, 'NO', NOW(), 'ADMIN', NOW(), 'ADMIN'),
('p_sys_module_remove', 'sys:module:remove', 'жЁЎеқ—еҲ йҷӨ', 'sys/module', 'BACKEND', 'ENABLED', 106, 'NO', NOW(), 'ADMIN', NOW(), 'ADMIN'),
('p_sys_module_detail', 'sys:module:detail', 'жЁЎеқ—иҜҰжғ…', 'sys/module', 'BACKEND', 'ENABLED', 107, 'NO', NOW(), 'ADMIN', NOW(), 'ADMIN');

-- =============================================================================
-- еӯ—е…ё sys_dict
-- =============================================================================
INSERT INTO `sys_dict` (`id`, `code`, `label`, `value`, `color`, `category`, `parent_id`, `status`, `sort_code`, `is_deleted`, `created_at`, `created_by`, `updated_at`, `updated_by`)
VALUES
-- жҖ§еҲ«
('dict_gender', 'gender', 'жҖ§еҲ«', NULL, NULL, 'sys_base', NULL, 'ENABLED', 1, 'NO', NOW(), 'ADMIN', NOW(), 'ADMIN'),
('dict_gender_male', 'gender_male', 'з”·', 'MALE', 'blue', 'sys_base', 'dict_gender', 'ENABLED', 1, 'NO', NOW(), 'ADMIN', NOW(), 'ADMIN'),
('dict_gender_female', 'gender_female', 'еҘі', 'FEMALE', 'red', 'sys_base', 'dict_gender', 'ENABLED', 2, 'NO', NOW(), 'ADMIN', NOW(), 'ADMIN'),
-- зҠ¶жҖҒ
('dict_status', 'user_status', 'з”ЁжҲ·зҠ¶жҖҒ', NULL, NULL, 'sys_base', NULL, 'ENABLED', 2, 'NO', NOW(), 'ADMIN', NOW(), 'ADMIN'),
('dict_status_active', 'user_status_active', 'жӯЈеёё', 'ACTIVE', 'green', 'sys_base', 'dict_status', 'ENABLED', 1, 'NO', NOW(), 'ADMIN', NOW(), 'ADMIN'),
('dict_status_locked', 'user_status_locked', 'й”Ғе®ҡ', 'LOCKED', 'red', 'sys_base', 'dict_status', 'ENABLED', 2, 'NO', NOW(), 'ADMIN', NOW(), 'ADMIN'),
('dict_status_inactive', 'user_status_inactive', 'еҒңз”Ё', 'INACTIVE', 'orange', 'sys_base', 'dict_status', 'ENABLED', 3, 'NO', NOW(), 'ADMIN', NOW(), 'ADMIN'),
-- еҗҜз”Ё/зҰҒз”Ё
('dict_enabled', 'enabled_status', 'еҗҜз”ЁзҠ¶жҖҒ', NULL, NULL, 'sys_base', NULL, 'ENABLED', 3, 'NO', NOW(), 'ADMIN', NOW(), 'ADMIN'),
('dict_enabled_yes', 'enabled_status_yes', 'еҗҜз”Ё', 'ENABLED', 'green', 'sys_base', 'dict_enabled', 'ENABLED', 1, 'NO', NOW(), 'ADMIN', NOW(), 'ADMIN'),
('dict_enabled_no', 'enabled_status_no', 'зҰҒз”Ё', 'DISABLED', 'red', 'sys_base', 'dict_enabled', 'ENABLED', 2, 'NO', NOW(), 'ADMIN', NOW(), 'ADMIN'),
-- жҳҜеҗҰ
('dict_yesno', 'yes_no', 'жҳҜеҗҰ', NULL, NULL, 'sys_base', NULL, 'ENABLED', 4, 'NO', NOW(), 'ADMIN', NOW(), 'ADMIN'),
('dict_yesno_yes', 'yes_no_yes', 'жҳҜ', 'YES', 'green', 'sys_base', 'dict_yesno', 'ENABLED', 1, 'NO', NOW(), 'ADMIN', NOW(), 'ADMIN'),
('dict_yesno_no', 'yes_no_no', 'еҗҰ', 'NO', 'red', 'sys_base', 'dict_yesno', 'ENABLED', 2, 'NO', NOW(), 'ADMIN', NOW(), 'ADMIN'),
-- йҖҡзҹҘзә§еҲ«
('dict_notice_level', 'notice_level', 'йҖҡзҹҘзә§еҲ«', NULL, NULL, 'sys_notice', NULL, 'ENABLED', 5, 'NO', NOW(), 'ADMIN', NOW(), 'ADMIN'),
('dict_notice_level_normal', 'notice_level_normal', 'жҷ®йҖҡ', 'NORMAL', 'blue', 'sys_notice', 'dict_notice_level', 'ENABLED', 1, 'NO', NOW(), 'ADMIN', NOW(), 'ADMIN'),
('dict_notice_level_important', 'notice_level_important', 'йҮҚиҰҒ', 'IMPORTANT', 'orange', 'sys_notice', 'dict_notice_level', 'ENABLED', 2, 'NO', NOW(), 'ADMIN', NOW(), 'ADMIN'),
('dict_notice_level_urgent', 'notice_level_urgent', 'зҙ§жҖҘ', 'URGENT', 'red', 'sys_notice', 'dict_notice_level', 'ENABLED', 3, 'NO', NOW(), 'ADMIN', NOW(), 'ADMIN'),
-- йҖҡзҹҘзұ»еһӢ
('dict_notice_type', 'notice_type', 'йҖҡзҹҘзұ»еһӢ', NULL, NULL, 'sys_notice', NULL, 'ENABLED', 6, 'NO', NOW(), 'ADMIN', NOW(), 'ADMIN'),
('dict_notice_type_system', 'notice_type_system', 'зі»з»ҹйҖҡзҹҘ', 'SYSTEM_NOTICE', 'purple', 'sys_notice', 'dict_notice_type', 'ENABLED', 1, 'NO', NOW(), 'ADMIN', NOW(), 'ADMIN'),
('dict_notice_type_business', 'notice_type_business', 'дёҡеҠЎйҖҡзҹҘ', 'BUSINESS_NOTICE', 'blue', 'sys_notice', 'dict_notice_type', 'ENABLED', 2, 'NO', NOW(), 'ADMIN', NOW(), 'ADMIN'),
('dict_notice_type_maintenance', 'notice_type_maintenance', 'з»ҙжҠӨе…¬е‘Ҡ', 'MAINTENANCE', 'orange', 'sys_notice', 'dict_notice_type', 'ENABLED', 3, 'NO', NOW(), 'ADMIN', NOW(), 'ADMIN'),
-- иө„жәҗеҲҶзұ»
('dict_resource_category', 'resource_category', 'иө„жәҗеҲҶзұ»', NULL, NULL, 'sys_resource', NULL, 'ENABLED', 7, 'NO', NOW(), 'ADMIN', NOW(), 'ADMIN'),
('dict_res_cat_menu', 'res_cat_backend_menu', 'еҗҺеҸ°иҸңеҚ•', 'BACKEND_MENU', 'blue', 'sys_resource', 'dict_resource_category', 'ENABLED', 1, 'NO', NOW(), 'ADMIN', NOW(), 'ADMIN'),
('dict_res_cat_button', 'res_cat_backend_button', 'еҗҺеҸ°жҢүй’®', 'BACKEND_BUTTON', 'green', 'sys_resource', 'dict_resource_category', 'ENABLED', 2, 'NO', NOW(), 'ADMIN', NOW(), 'ADMIN'),
-- иө„жәҗзұ»еһӢ
('dict_resource_type', 'resource_type', 'иө„жәҗзұ»еһӢ', NULL, NULL, 'sys_resource', NULL, 'ENABLED', 8, 'NO', NOW(), 'ADMIN', NOW(), 'ADMIN'),
('dict_resource_type_directory', 'resource_type_directory', 'зӣ®еҪ•', 'DIRECTORY', 'blue', 'sys_resource', 'dict_resource_type', 'ENABLED', 1, 'NO', NOW(), 'ADMIN', NOW(), 'ADMIN'),
('dict_resource_type_menu', 'resource_type_menu', 'иҸңеҚ•', 'MENU', 'green', 'sys_resource', 'dict_resource_type', 'ENABLED', 2, 'NO', NOW(), 'ADMIN', NOW(), 'ADMIN'),
('dict_resource_type_button', 'resource_type_button', 'жҢүй’®', 'BUTTON', 'orange', 'sys_resource', 'dict_resource_type', 'ENABLED', 3, 'NO', NOW(), 'ADMIN', NOW(), 'ADMIN'),
-- з»„з»Үзұ»еҲ«
('dict_org_category', 'org_category', 'з»„з»Үзұ»еҲ«', NULL, NULL, 'sys_org', NULL, 'ENABLED', 9, 'NO', NOW(), 'ADMIN', NOW(), 'ADMIN'),
('dict_org_category_group', 'org_category_group', 'йӣҶеӣў', 'GROUP', 'red', 'sys_org', 'dict_org_category', 'ENABLED', 1, 'NO', NOW(), 'ADMIN', NOW(), 'ADMIN'),
('dict_org_category_dept', 'org_category_dept', 'йғЁй—Ё', 'DEPT', 'blue', 'sys_org', 'dict_org_category', 'ENABLED', 2, 'NO', NOW(), 'ADMIN', NOW(), 'ADMIN');

-- =============================================================================
-- йҖҡзҹҘ sys_notice
-- =============================================================================
INSERT INTO `sys_notice` (`id`, `title`, `summary`, `content`, `cover`, `category`, `type`, `level`, `view_count`, `is_top`, `position`, `status`, `sort_code`, `is_deleted`, `created_at`, `created_by`, `updated_at`, `updated_by`)
VALUES ('notice_1', 'зі»з»ҹеҚҮзә§з»ҙжҠӨйҖҡзҹҘ', 'зі»з»ҹе°ҶдәҺжң¬е‘Ёе…ӯеҮҢжҷЁ2:00-6:00иҝӣиЎҢеҚҮзә§з»ҙжҠӨ', '<h1>зі»з»ҹеҚҮзә§з»ҙжҠӨ</h1><p>дёәдәҶжҸҗдҫӣжӣҙеҘҪзҡ„жңҚеҠЎпјҢзі»з»ҹе°ҶдәҺжң¬е‘Ёе…ӯеҮҢжҷЁ2:00-6:00иҝӣиЎҢеҚҮзә§з»ҙжҠӨпјҢжңҹй—ҙйғЁеҲҶеҠҹиғҪеҸҜиғҪж— жі•жӯЈеёёдҪҝз”ЁгҖӮ</p>', NULL, 'PLATFORM', 'MAINTENANCE', 'IMPORTANT', 0, 'YES', 'TOP', 'ENABLED', 1, 'NO', NOW(), 'user_admin', NOW(), 'user_admin'),
       ('notice_2', 'ж¬ўиҝҺдҪҝз”Ё Hei FastAPI зі»з»ҹ', 'ж¬ўиҝҺеҗ„дҪҚеҗҢдәӢдҪҝз”Ёе…Ёж–°ејҖеҸ‘зҡ„еҗҺеҸ°з®ЎзҗҶзі»з»ҹ', '<p>Hei FastAPI жҳҜдёҖеҘ—еҹәдәҺ FastAPI + SQLAlchemy 2.0 зҡ„еҗҺеҸ°з®ЎзҗҶзі»з»ҹпјҢж¬ўиҝҺеӨ§е®¶дҪ“йӘҢе№¶жҸҗдҫӣе®қиҙөж„Ҹи§ҒгҖӮ</p>', NULL, 'PLATFORM', 'SYSTEM_NOTICE', 'NORMAL', 0, 'NO', 'TOP', 'ENABLED', 2, 'NO', NOW(), 'user_admin', NOW(), 'user_admin'),
       ('notice_3', 'з¬¬дёүеӯЈеәҰе·ҘдҪңжҖ»з»“дјҡи®®йҖҡзҹҘ', 'иҜ·еҗ„йғЁй—ЁиҙҹиҙЈдәәеҮҶеӨҮз¬¬дёүеӯЈеәҰе·ҘдҪңжҖ»з»“жҠҘе‘Ҡ', '<p>е…¬еҸёе°ҶдәҺдёӢе‘Ёдә”еҸ¬ејҖз¬¬дёүеӯЈеәҰе·ҘдҪңжҖ»з»“дјҡи®®пјҢиҜ·еҗ„йғЁй—ЁиҙҹиҙЈдәәеҮҶеӨҮзӣёе…іжқҗж–ҷгҖӮ</p>', NULL, 'COMPANY', 'BUSINESS_NOTICE', 'IMPORTANT', 0, 'NO', NULL, 'ENABLED', 3, 'NO', NOW(), 'user_admin', NOW(), 'user_admin'),
       ('notice_4', 'е…ідәҺеҗҜз”Ёж–°зі»з»ҹзҡ„йҖҡзҹҘ', 'еҚіж—Ҙиө·жӯЈејҸеҗҜз”Ёе…Ёж–°еҗҺеҸ°з®ЎзҗҶзі»з»ҹ', '<p>з»ҸиҝҮејҖеҸ‘еӣўйҳҹзҡ„дёҚжҮҲеҠӘеҠӣпјҢе…Ёж–°еҗҺеҸ°з®ЎзҗҶзі»з»ҹе·ІдәҺд»Ҡж—ҘжӯЈејҸдёҠзәҝпјҢж—§зі»з»ҹе°Ҷе№¶иЎҢиҝҗиЎҢдёҖдёӘжңҲеҗҺдёӢзәҝгҖӮ</p>', NULL, 'PLATFORM', 'SYSTEM_NOTICE', 'NORMAL', 0, 'NO', NULL, 'ENABLED', 4, 'NO', NOW(), 'user_admin', NOW(), 'user_admin');

-- =============================================================================
-- иҪ®ж’ӯеӣҫ sys_banner
-- =============================================================================
INSERT INTO `sys_banner` (`id`, `title`, `image`, `url`, `link_type`, `summary`, `description`, `category`, `type`, `position`, `sort_code`, `view_count`, `click_count`, `is_deleted`, `created_at`, `created_by`, `updated_at`, `updated_by`)
VALUES ('banner_1', 'Hei FastAPI е®Јдј еӣҫ', 'https://via.placeholder.com/1920x600/1890FF/FFFFFF?text=Hei+FastAPI', 'https://github.com', 'URL', 'Hei FastAPI жЎҶжһ¶е®Јдј еӣҫ', 'еҹәдәҺ FastAPI зҡ„дјҒдёҡзә§еҗҺеҸ°ејҖеҸ‘жЎҶжһ¶', 'INDEX', 'IMAGE', 'INDEX_TOP', 1, 0, 0, 'NO', NOW(), 'user_admin', NOW(), 'user_admin'),
       ('banner_2', 'зі»з»ҹдҪҝз”ЁжҢҮеҚ—', 'https://via.placeholder.com/1920x600/52C41A/FFFFFF?text=дҪҝз”ЁжҢҮеҚ—', NULL, 'URL', 'ж–°зі»з»ҹдҪҝз”ЁжҢҮеҚ—', 'еҝ«йҖҹдёҠжүӢж–°зі»з»ҹ', 'INDEX', 'IMAGE', 'INDEX_TOP', 2, 0, 0, 'NO', NOW(), 'user_admin', NOW(), 'user_admin'),
       ('banner_3', 'ејҖеҸ‘еӣўйҳҹжӢӣеӢҹ', 'https://via.placeholder.com/1920x600/722ED1/FFFFFF?text=еҠ е…ҘжҲ‘д»¬', NULL, 'URL', 'иҜҡиҒҳеүҚеҗҺз«ҜејҖеҸ‘е·ҘзЁӢеёҲ', 'еҰӮжһңжӮЁеҜ№жҠҖжңҜе……ж»Ўзғӯжғ…пјҢж¬ўиҝҺеҠ е…ҘжҲ‘д»¬', 'INDEX', 'IMAGE', 'INDEX_TOP', 3, 0, 0, 'NO', NOW(), 'user_admin', NOW(), 'user_admin');

-- =============================================================================
-- зі»з»ҹй…ҚзҪ® sys_configпјҲиҝҪеҠ пјү
-- =============================================================================
INSERT INTO `sys_config` (`id`, `config_key`, `config_value`, `category`, `remark`, `sort_code`, `is_deleted`, `created_at`, `created_by`, `updated_at`, `updated_by`)
VALUES ('4', 'SYS_SNOWFLAKE_WORKER_ID', '1', 'SYS_BASE', 'Snowflake е·ҘдҪңиҠӮзӮ№ID', 4, 'NO', NOW(), 'ADMIN', NOW(), 'ADMIN'),
       ('5', 'SYS_SNOWFLAKE_DATACENTER_ID', '1', 'SYS_BASE', 'Snowflake ж•°жҚ®дёӯеҝғID', 5, 'NO', NOW(), 'ADMIN', NOW(), 'ADMIN'),
       ('6', 'SYS_DEFAULT_PASSWORD', '123456', 'SYS_BASE', 'й»ҳи®ӨеҜҶз ҒпјҲж–°еўһз”ЁжҲ·ж—¶дҪҝз”Ёпјү', 6, 'NO', NOW(), 'ADMIN', NOW(), 'ADMIN'),
       ('7', 'SYS_USER_INIT_PASSWORD', '123456', 'SYS_BASE', 'з”ЁжҲ·еҲқе§ӢеҜҶз Ғ', 7, 'NO', NOW(), 'ADMIN', NOW(), 'ADMIN'),
       ('8', 'SYS_MAX_LOGIN_RETRIES', '5', 'SYS_SECURITY', 'жңҖеӨ§зҷ»еҪ•еӨұиҙҘж¬Ўж•°', 8, 'NO', NOW(), 'ADMIN', NOW(), 'ADMIN'),
       ('9', 'SYS_LOGIN_LOCK_MINUTES', '30', 'SYS_SECURITY', 'зҷ»еҪ•й”Ғе®ҡж—¶й—ҙпјҲеҲҶй’ҹпјү', 9, 'NO', NOW(), 'ADMIN', NOW(), 'ADMIN'),
       ('10', 'SYS_JWT_TOKEN_EXPIRE', '86400', 'SYS_SECURITY', 'JWT Token иҝҮжңҹж—¶й—ҙпјҲз§’пјү', 10, 'NO', NOW(), 'ADMIN', NOW(), 'ADMIN'),
       ('11', 'SYS_UPLOAD_MAX_SIZE', '10485760', 'SYS_FILE', 'ж–Үд»¶дёҠдј жңҖеӨ§еӨ§е°ҸпјҲеӯ—иҠӮпјү', 11, 'NO', NOW(), 'ADMIN', NOW(), 'ADMIN'),
       ('12', 'SYS_UPLOAD_ALLOWED_EXTENSIONS', 'jpg,jpeg,png,gif,bmp,doc,docx,xls,xlsx,pdf,txt,zip,rar', 'SYS_FILE', 'е…Ғи®ёдёҠдј зҡ„ж–Үд»¶еҗҺзјҖ', 12, 'NO', NOW(), 'ADMIN', NOW(), 'ADMIN');

-- =============================================================================
-- е…іиҒ”иЎЁ
-- =============================================================================

-- з”ЁжҲ·-и§’иүІе…іиҒ”
INSERT INTO `ral_user_role` (`id`, `user_id`, `role_id`, `scope`, `custom_scope_group_ids`, `is_deleted`, `created_at`, `created_by`)
VALUES ('ur_admin_sa', 'user_admin', 'role_super_admin', 'ALL', NULL, 'NO', NOW(), 'ADMIN'),
       ('ur_dev1_dev', 'user_dev1', 'role_dev', 'ALL', NULL, 'NO', NOW(), 'ADMIN'),
       ('ur_dev2_dev', 'user_dev2', 'role_dev', 'ALL', NULL, 'NO', NOW(), 'ADMIN'),
       ('ur_dev3_dev', 'user_dev3', 'role_dev', 'ALL', NULL, 'NO', NOW(), 'ADMIN'),
       ('ur_test1_test', 'user_test1', 'role_test', 'ALL', NULL, 'NO', NOW(), 'ADMIN'),
       ('ur_pm1_mkt', 'user_pm1', 'role_mkt', 'ALL', NULL, 'NO', NOW(), 'ADMIN'),
       ('ur_mkt1_mkt', 'user_mkt1', 'role_mkt', 'ALL', NULL, 'NO', NOW(), 'ADMIN'),
       ('ur_fin1_fin', 'user_fin1', 'role_fin', 'ALL', NULL, 'NO', NOW(), 'ADMIN'),
       ('ur_hr1_hr', 'user_hr1', 'role_hr', 'ALL', NULL, 'NO', NOW(), 'ADMIN');

-- з”ЁжҲ·-з”ЁжҲ·з»„е…іиҒ”
INSERT INTO `ral_user_group` (`id`, `user_id`, `group_id`, `is_deleted`, `created_at`, `created_by`)
VALUES ('ug_admin', 'user_admin', 'grp_admin', 'NO', NOW(), 'ADMIN'),
       ('ug_dev1', 'user_dev1', 'grp_dev', 'NO', NOW(), 'ADMIN'),
       ('ug_dev2', 'user_dev2', 'grp_dev', 'NO', NOW(), 'ADMIN'),
       ('ug_dev3', 'user_dev3', 'grp_dev', 'NO', NOW(), 'ADMIN'),
       ('ug_test1', 'user_test1', 'grp_test', 'NO', NOW(), 'ADMIN'),
       ('ug_pm1', 'user_pm1', 'grp_product', 'NO', NOW(), 'ADMIN'),
       ('ug_mkt1', 'user_mkt1', 'grp_market', 'NO', NOW(), 'ADMIN');

-- и§’иүІ-жқғйҷҗе…іиҒ”пјҲдёәи¶…зә§з®ЎзҗҶе‘ҳеҲҶй…Қе…ЁйғЁжқғйҷҗпјү
INSERT INTO `ral_role_permission` (`id`, `role_id`, `permission_id`, `scope`, `custom_scope_group_ids`, `is_deleted`, `created_at`, `created_by`)
SELECT CONCAT('rp_s_', `id`), 'role_super_admin', `id`, 'ALL', NULL, 'NO', NOW(), 'ADMIN'
FROM `sys_permission`
WHERE `is_deleted` = 'NO' AND `status` = 'ENABLED';

-- и§’иүІ-жқғйҷҗе…іиҒ”пјҲдёәз®ЎзҗҶе‘ҳеҲҶй…Қж ёеҝғз®ЎзҗҶжқғйҷҗпјү
INSERT INTO `ral_role_permission` (`id`, `role_id`, `permission_id`, `scope`, `custom_scope_group_ids`, `is_deleted`, `created_at`, `created_by`)
SELECT CONCAT('rp_a_', p.`id`), 'role_admin', p.`id`, 'ALL', NULL, 'NO', NOW(), 'ADMIN'
FROM `sys_permission` p
WHERE p.`code` IN (
    'sys:user:page', 'sys:user:detail', 'sys:user:create', 'sys:user:modify', 'sys:user:remove',
    'sys:role:page', 'sys:role:detail', 'sys:role:create', 'sys:role:modify', 'sys:role:remove',
    'sys:permission:page', 'sys:permission:detail',
    'sys:org:page', 'sys:org:tree', 'sys:org:detail', 'sys:org:create', 'sys:org:modify', 'sys:org:remove',
    'sys:position:page', 'sys:position:detail',
     'sys:group:page', 'sys:group:tree', 'sys:group:detail', 'sys:group:create', 'sys:group:modify', 'sys:group:remove',
     'sys:resource:page', 'sys:resource:tree', 'sys:resource:detail', 'sys:resource:create', 'sys:resource:modify', 'sys:resource:remove',
    'sys:dict:page', 'sys:dict:list', 'sys:dict:tree', 'sys:dict:create', 'sys:dict:modify', 'sys:dict:remove',
    'sys:config:page', 'sys:config:list', 'sys:config:create', 'sys:config:modify', 'sys:config:remove',
    'sys:notice:page', 'sys:notice:detail',
    'sys:banner:page', 'sys:banner:detail',
    'sys:file:page', 'sys:file:detail', 'sys:file:upload', 'sys:file:download',
    'sys:module:page', 'sys:module:detail'
);

-- и§’иүІ-жқғйҷҗе…іиҒ”пјҲдёәејҖеҸ‘дәәе‘ҳеҲҶй…ҚејҖеҸ‘зӣёе…іжқғйҷҗпјү
INSERT INTO `ral_role_permission` (`id`, `role_id`, `permission_id`, `scope`, `custom_scope_group_ids`, `is_deleted`, `created_at`, `created_by`)
SELECT CONCAT('rp_d_', p.`id`), 'role_dev', p.`id`, 'ALL', NULL, 'NO', NOW(), 'ADMIN'
FROM `sys_permission` p
WHERE p.`code` LIKE 'sys:dev:%'
   OR p.`code` IN ('sys:dict:page', 'sys:dict:list', 'sys:dict:tree', 'sys:config:page', 'sys:config:list');

-- и§’иүІ-жқғйҷҗе…іиҒ”пјҲдёәжөӢиҜ•дәәе‘ҳеҲҶй…ҚеҸӘиҜ»+еӯ—е…ё+йҖҡзҹҘзӯүпјү
INSERT INTO `ral_role_permission` (`id`, `role_id`, `permission_id`, `scope`, `custom_scope_group_ids`, `is_deleted`, `created_at`, `created_by`)
SELECT CONCAT('rp_t_', p.`id`), 'role_test', p.`id`, 'ALL', NULL, 'NO', NOW(), 'ADMIN'
FROM `sys_permission` p
WHERE p.`code` LIKE '%.page' OR p.`code` LIKE '%.detail' OR p.`code` LIKE '%.list';

-- и§’иүІ-иө„жәҗе…іиҒ”пјҲи¶…зә§з®ЎзҗҶе‘ҳеҲҶй…ҚжүҖжңүиө„жәҗпјү
INSERT INTO `ral_role_resource` (`id`, `role_id`, `resource_id`, `is_deleted`, `created_at`, `created_by`)
SELECT CONCAT('rrs_', r.`id`), 'role_super_admin', r.`id`, 'NO', NOW(), 'ADMIN'
FROM `sys_resource` r
WHERE r.`is_deleted` = 'NO' AND r.`status` = 'ENABLED';

-- и§’иүІ-иө„жәҗе…іиҒ”пјҲз®ЎзҗҶе‘ҳеҲҶй…ҚиҸңеҚ•иө„жәҗпјү
INSERT INTO `ral_role_resource` (`id`, `role_id`, `resource_id`, `is_deleted`, `created_at`, `created_by`)
SELECT CONCAT('rra_', r.`id`), 'role_admin', r.`id`, 'NO', NOW(), 'ADMIN'
FROM `sys_resource` r
WHERE (r.`type` IN ('DIRECTORY', 'MENU') OR r.`code` IN (
    'sys_user_page', 'sys_user_create', 'sys_user_modify', 'sys_user_remove', 'sys_user_detail',
    'sys_role_page', 'sys_role_detail',
    'sys_org_page', 'sys_org_create', 'sys_org_modify', 'sys_org_remove', 'sys_org_detail',
    'sys_dict_page', 'sys_dict_create', 'sys_dict_modify', 'sys_dict_remove', 'sys_dict_detail',
    'sys_config_page', 'sys_config_detail',
    'sys_notice_page', 'sys_notice_detail',
    'sys_banner_page', 'sys_banner_detail',
    'sys_file_page', 'sys_file_detail', 'sys_file_upload', 'sys_file_download'
)) AND r.`is_deleted` = 'NO' AND r.`status` = 'ENABLED';

-- з”ЁжҲ·з»„-и§’иүІе…іиҒ”пјҲе·Іеәҹејғпјү

-- з»„з»Ү-и§’иүІе…іиҒ”
INSERT INTO `ral_org_role` (`id`, `org_id`, `role_id`, `scope`, `custom_scope_group_ids`, `is_deleted`, `created_at`, `created_by`)
VALUES ('or_tech_dev', 'org_tech', 'role_dev', NULL, NULL, 'NO', NOW(), 'ADMIN'),
       ('or_mkt_mkt', 'org_mkt', 'role_mkt', NULL, NULL, 'NO', NOW(), 'ADMIN'),
       ('or_fin_fin', 'org_fin', 'role_fin', NULL, NULL, 'NO', NOW(), 'ADMIN'),
       ('or_hr_hr', 'org_hr', 'role_hr', NULL, NULL, 'NO', NOW(), 'ADMIN');

SET FOREIGN_KEY_CHECKS = 1;
